Parameter1,Parameter2,Parameter3,Parameter4,Parameter5,Parameter6,Parameter7,Parameter8,Parameter9,Parameter10,Parameter11,Parameter12,Parameter13,Parameter14,Parameter15,Parameter16,Parameter17,Parameter18,Parameter19,Parameter20,Parameter21,Parameter22,Parameter23,Parameter24,Parameter25,Parameter26,Parameter27,Parameter28,Parameter29,Parameter30,Parameter31,Parameter32,Parameter33,Parameter34,Parameter35,Parameter36,Parameter37,Parameter38,Parameter39,Parameter40,Parameter41,Parameter42,Parameter43,Parameter44,Parameter45,Parameter46,Parameter47,Parameter48,Parameter49,Parameter50,Parameter51,Parameter52,Parameter53,Parameter54,Parameter55,Parameter56,Parameter57,Parameter58,Parameter59,Parameter60,Parameter61,Parameter62,Parameter63,Parameter64,Parameter65,Parameter66,Parameter67,,,,,,,,,,,,,,,,,,,,,,,,,,Parameter93,Parameter94,Parameter95
1,Excel,complete,openFile,Sheet1,2019-02-19T03:40:15.813+11:00,data.xls,Web,complete,goToUrl,2019-02-19T03:40:15.813+11:00,www.webpage.com,username,username144,Web,complete,insertValue,2019-02-19T03:40:21.583+11:00,password,psw144,Web,complete,insertValue,2019-02-19T03:40:33.934+11:00,confirm,Web,complete,clickButton,2019-02-19T03:40:45.799+11:00,Web,complete,waitResponse,2019-02-19T03:40:49.378+11:00,www.webpage.com/ok,Button3,Web,complete,clickButton,2019-02-19T03:40:54.558+11:00,B2,Web,complete,clickButton,2019-02-19T03:40:57.466+11:00,ID,144,Web,complete,insertValue,2019-02-19T03:41:01.224+11:00,copy,B,Au 58124829 XT,Excel,1,complete,2019-02-19T03:41:02.805+11:00,Special code,Au 58124829 XT,Web,complete,paste,2019-02-19T03:41:03.745+11:00,copy,B,Melbourne 123,Excel,,,,,,,,,,,,,,,,,,,,,,,,,,,,
2,complete,2019-02-19T03:41:06.597+11:00,Area,Melbourne 123,Web,complete,paste,2019-02-19T03:41:09.425+11:00,OK,Web,complete,clickButton,2019-02-19T03:41:11.981+11:00,2,Excel,complete,openFile,Sheet1,2019-02-19T03:41:21.981+11:00,data.xls,Web,complete,goToUrl,2019-02-19T03:41:27.458+11:00,www.webpage.com,username,username56,Web,complete,insertValue,2019-02-19T03:41:29.596+11:00,password,psw56,Web,complete,insertValue,2019-02-19T03:41:40.838+11:00,confirm,Web,complete,clickButton,2019-02-19T03:41:41.524+11:00,Web,complete,waitResponse,2019-02-19T03:41:44.054+11:00,www.webpage.com/ok,Button3,Web,complete,clickButton,2019-02-19T03:41:51.863+11:00,B2,Web,complete,clickButton,2019-02-19T03:41:54.220+11:00,ID,56,Web,complete,insertValue,2019-02-19T03:41:58.597+11:00,copy,B,Au 58124829 XT,,,,,,,,,,,,,,,,,,,,,,,,,,complete,clickButton,2019-02-19T03:42:17.929+11:00
3,Excel,complete,openFile,Sheet1,2019-02-19T03:42:27.929+11:00,data.xls,Web,complete,goToUrl,2019-02-19T03:42:40.758+11:00,www.webpage.com,username,username184,Web,complete,insertValue,2019-02-19T03:42:46.959+11:00,password,psw184,Web,complete,insertValue,2019-02-19T03:42:51.530+11:00,confirm,Web,complete,clickButton,2019-02-19T03:42:57.704+11:00,Web,complete,waitResponse,2019-02-19T03:43:00.300+11:00,www.webpage.com/ok,Button3,Web,complete,clickButton,2019-02-19T03:43:13.852+11:00,B2,Web,complete,clickButton,2019-02-19T03:43:18.076+11:00,ID,184,Web,complete,insertValue,2019-02-19T03:43:20.433+11:00,copy,B,Au 58124829 XT,Excel,1,complete,2019-02-19T03:43:23.816+11:00,Special code,Au 58124829 XT,Web,complete,paste,2019-02-19T03:43:26.354+11:00,copy,B,Melbourne 123,Excel,,,,,,,,,,,,,,,,,,,,,,,,,,,,
4,Excel,complete,openFile,Sheet1,2019-02-19T03:43:46.559+11:00,data.xls,Web,complete,goToUrl,2019-02-19T03:43:50.818+11:00,www.webpage.com,username,username82,Web,complete,insertValue,2019-02-19T03:43:58.074+11:00,password,psw82,Web,complete,insertValue,2019-02-19T03:44:03.946+11:00,confirm,Web,complete,clickButton,2019-02-19T03:44:10.665+11:00,Web,complete,waitResponse,2019-02-19T03:44:13.063+11:00,www.webpage.com/ok,Button3,Web,complete,clickButton,2019-02-19T03:44:19.513+11:00,B2,Web,complete,clickButton,2019-02-19T03:44:22.106+11:00,ID,82,Web,complete,insertValue,2019-02-19T03:44:24.838+11:00,copy,B,value82,Excel,3,complete,2019-02-19T03:44:26.883+11:00,Special code,value82,Web,complete,paste,2019-02-19T03:44:29.537+11:00,copy,B,Melbourne 123,Excel,,,,,,,,,,,,,,,,,,,,,,,,,,,,
5,Excel,complete,openFile,Sheet1,2019-02-19T03:44:46.799+11:00,data.xls,Web,complete,goToUrl,2019-02-19T03:44:50.563+11:00,www.webpage.com,username,username117,Web,complete,insertValue,2019-02-19T03:45:04.291+11:00,password,psw117,Web,complete,insertValue,2019-02-19T03:45:14.688+11:00,confirm,Web,complete,clickButton,2019-02-19T03:45:29.987+11:00,Web,complete,waitResponse,2019-02-19T03:45:33.165+11:00,www.webpage.com/ok,Button1,Web,complete,clickButton,2019-02-19T03:45:49.249+11:00,B2,Web,complete,clickButton,2019-02-19T03:45:51.985+11:00,ID,117,Web,complete,insertValue,2019-02-19T03:45:53.272+11:00,copy,B,value117,Excel,3,complete,2019-02-19T03:45:56.356+11:00,Special code,value117,Web,complete,paste,2019-02-19T03:45:59.597+11:00,copy,B,Melbourne 123,Excel,,,,,,,,,,,,,,,,,,,,,,,,,,,,
6,Excel,complete,openFile,Sheet1,2019-02-19T03:46:18.622+11:00,data.xls,Web,complete,goToUrl,2019-02-19T03:46:18.622+11:00,www.webpage.com,username,username78,Web,complete,insertValue,2019-02-19T03:46:29.058+11:00,password,psw78,Web,complete,insertValue,2019-02-19T03:46:33.568+11:00,confirm,Web,complete,clickButton,2019-02-19T03:46:35.734+11:00,Web,complete,waitResponse,2019-02-19T03:46:40.241+11:00,www.webpage.com/ok,Button3,Web,complete,clickButton,2019-02-19T03:46:54.748+11:00,B2,Web,complete,clickButton,2019-02-19T03:46:57.682+11:00,ID,78,Web,complete,insertValue,2019-02-19T03:47:00.041+11:00,copy,B,Au 58124829 XT,Excel,1,complete,2019-02-19T03:47:03.187+11:00,Special code,Au 58124829 XT,Web,complete,paste,2019-02-19T03:47:05.480+11:00,copy,B,Melbourne 123,Excel,,,,,,,,,,,,,,,,,,,,,,,,,,,,
7,Excel,complete,openFile,Sheet1,2019-02-19T03:47:22.092+11:00,data.xls,Web,complete,goToUrl,2019-02-19T03:47:34.630+11:00,www.webpage.com,username,username136,Web,complete,insertValue,2019-02-19T03:47:34.630+11:00,password,psw136,Web,complete,insertValue,2019-02-19T03:47:44.776+11:00,confirm,Web,complete,clickButton,2019-02-19T03:47:57.654+11:00,Web,complete,waitResponse,2019-02-19T03:48:00.297+11:00,www.webpage.com/ok,Button1,Web,complete,clickButton,2019-02-19T03:48:01.199+11:00,B2,Web,complete,clickButton,2019-02-19T03:48:05.906+11:00,ID,136,Web,complete,insertValue,2019-02-19T03:48:10.073+11:00,copy,B,value136,Excel,3,complete,2019-02-19T03:48:11.537+11:00,Special code,value136,Web,complete,paste,2019-02-19T03:48:16.812+11:00,copy,B,Melbourne 123,Excel,,,,,,,,,,,,,,,,,,,,,,,,,,,,
8,Excel,complete,openFile,Sheet1,2019-02-19T03:48:35.558+11:00,data.xls,Web,complete,goToUrl,2019-02-19T03:48:48.650+11:00,www.webpage.com,username,username142,Web,complete,insertValue,2019-02-19T03:48:53.605+11:00,password,psw142,Web,complete,insertValue,2019-02-19T03:48:57.044+11:00,confirm,Web,complete,clickButton,2019-02-19T03:49:05.984+11:00,Web,complete,waitResponse,2019-02-19T03:49:09.642+11:00,www.webpage.com/ok,Button1,Web,complete,clickButton,2019-02-19T03:49:12.183+11:00,B2,Web,complete,clickButton,2019-02-19T03:49:14.341+11:00,ID,142,Web,complete,insertValue,2019-02-19T03:49:15.920+11:00,copy,B,Au 58124829 XT,Excel,1,complete,2019-02-19T03:49:17.881+11:00,Special code,Au 58124829 XT,Web,complete,paste,2019-02-19T03:49:20.934+11:00,copy,B,Melbourne 123,Excel,,,,,,,,,,,,,,,,,,,,,,,,,,,,
9,Excel,complete,openFile,Sheet1,2019-02-19T03:49:40.511+11:00,data.xls,Web,complete,goToUrl,2019-02-19T03:49:56.343+11:00,www.webpage.com,username,username55,Web,complete,insertValue,2019-02-19T03:50:10.701+11:00,password,psw55,Web,complete,insertValue,2019-02-19T03:50:19.521+11:00,confirm,Web,complete,clickButton,2019-02-19T03:50:28.647+11:00,Web,complete,waitResponse,2019-02-19T03:50:32.538+11:00,www.webpage.com/ok,Button3,Web,complete,clickButton,2019-02-19T03:50:41.421+11:00,B2,Web,complete,clickButton,2019-02-19T03:50:43.554+11:00,ID,55,Web,complete,insertValue,2019-02-19T03:50:46.599+11:00,copy,B,Au 58124829 XT,Excel,1,complete,2019-02-19T03:50:49.173+11:00,Special code,Au 58124829 XT,Web,complete,paste,2019-02-19T03:50:52.334+11:00,copy,B,Melbourne 123,Excel,,,,,,,,,,,,,,,,,,,,,,,,,,,,
10,Excel,complete,openFile,Sheet1,2019-02-19T03:51:16.581+11:00,data.xls,Web,complete,goToUrl,2019-02-19T03:51:29.003+11:00,www.webpage.com,username,username109,Web,complete,insertValue,2019-02-19T03:51:41.335+11:00,password,psw109,Web,complete,insertValue,2019-02-19T03:51:49.535+11:00,confirm,Web,complete,clickButton,2019-02-19T03:51:56.781+11:00,Web,complete,waitResponse,2019-02-19T03:51:59.628+11:00,www.webpage.com/ok,Button1,Web,complete,clickButton,2019-02-19T03:52:05.109+11:00,B2,Web,complete,clickButton,2019-02-19T03:52:08.130+11:00,ID,109,Web,complete,insertValue,2019-02-19T03:52:12.763+11:00,copy,B,value109,Excel,3,complete,2019-02-19T03:52:14.837+11:00,Special code,value109,Web,complete,paste,2019-02-19T03:52:17.132+11:00,copy,B,Melbourne 123,Excel,,,,,,,,,,,,,,,,,,,,,,,,,,,,
11,Excel,complete,openFile,Sheet1,2019-02-19T03:52:33.821+11:00,data.xls,Web,complete,goToUrl,2019-02-19T03:52:42.057+11:00,www.webpage.com,username,username127,Web,complete,insertValue,2019-02-19T03:52:42.706+11:00,password,psw127,Web,complete,insertValue,2019-02-19T03:52:47.079+11:00,confirm,Web,complete,clickButton,2019-02-19T03:52:56.259+11:00,Web,complete,waitResponse,2019-02-19T03:52:59.546+11:00,www.webpage.com/ok,Button3,Web,complete,clickButton,2019-02-19T03:53:10.964+11:00,B2,Web,complete,clickButton,2019-02-19T03:53:15.153+11:00,ID,127,Web,complete,insertValue,2019-02-19T03:53:17.385+11:00,copy,B,value127,Excel,3,complete,2019-02-19T03:53:18.940+11:00,Special code,value127,Web,complete,paste,2019-02-19T03:53:22.499+11:00,copy,B,Melbourne 123,Excel,,,,,,,,,,,,,,,,,,,,,,,,,,,,
12,Excel,complete,openFile,Sheet1,2019-02-19T03:53:42.225+11:00,data.xls,Web,complete,goToUrl,2019-02-19T03:53:42.225+11:00,www.webpage.com,username,username154,Web,complete,insertValue,2019-02-19T03:53:42.225+11:00,password,psw154,Web,complete,insertValue,2019-02-19T03:53:52.454+11:00,confirm,Web,complete,clickButton,2019-02-19T03:54:01.050+11:00,Web,complete,waitResponse,2019-02-19T03:54:03.801+11:00,www.webpage.com/ok,Button1,Web,complete,clickButton,2019-02-19T03:54:16.723+11:00,B2,Web,complete,clickButton,2019-02-19T03:54:19.804+11:00,ID,154,Web,complete,insertValue,2019-02-19T03:54:22.618+11:00,copy,B,value154,Excel,3,complete,2019-02-19T03:54:25.814+11:00,Special code,value154,Web,complete,paste,2019-02-19T03:54:29.964+11:00,copy,B,Melbourne 123,Excel,,,,,,,,,,,,,,,,,,,,,,,,,,,,
13,Excel,complete,openFile,Sheet1,2019-02-19T03:54:49.655+11:00,data.xls,Web,complete,goToUrl,2019-02-19T03:54:50.992+11:00,www.webpage.com,username,username69,Web,complete,insertValue,2019-02-19T03:54:56.568+11:00,password,psw69,Web,complete,insertValue,2019-02-19T03:55:03.234+11:00,confirm,Web,complete,clickButton,2019-02-19T03:55:09.607+11:00,Web,complete,waitResponse,2019-02-19T03:55:11.262+11:00,www.webpage.com/ok,Button3,Web,complete,clickButton,2019-02-19T03:55:11.262+11:00,B2,Web,complete,clickButton,2019-02-19T03:55:13.991+11:00,ID,69,Web,complete,insertValue,2019-02-19T03:55:17.738+11:00,copy,B,value69,Excel,3,complete,2019-02-19T03:55:19.389+11:00,Special code,value69,Web,complete,paste,2019-02-19T03:55:20.851+11:00,copy,B,Melbourne 123,Excel,,,,,,,,,,,,,,,,,,,,,,,,,,,,
14,Excel,complete,openFile,Sheet1,2019-02-19T03:55:37.143+11:00,data.xls,Web,complete,goToUrl,2019-02-19T03:55:37.936+11:00,www.webpage.com,username,username141,Web,complete,insertValue,2019-02-19T03:55:42.420+11:00,password,psw141,Web,complete,insertValue,2019-02-19T03:55:51.866+11:00,confirm,Web,complete,clickButton,2019-02-19T03:56:09.171+11:00,Web,complete,waitResponse,2019-02-19T03:56:11.084+11:00,www.webpage.com/ok,Button1,Web,complete,clickButton,2019-02-19T03:56:23.111+11:00,B2,Web,complete,clickButton,2019-02-19T03:56:25.829+11:00,ID,141,Web,complete,insertValue,2019-02-19T03:56:29.548+11:00,copy,B,Au 58124829 XT,Excel,1,complete,2019-02-19T03:56:31.284+11:00,Special code,Au 58124829 XT,Web,complete,paste,2019-02-19T03:56:33.183+11:00,copy,B,Melbourne 123,Excel,,,,,,,,,,,,,,,,,,,,,,,,,,,,
15,Excel,complete,openFile,Sheet1,2019-02-19T03:56:52.286+11:00,data.xls,Web,complete,goToUrl,2019-02-19T03:57:03.944+11:00,www.webpage.com,username,username190,Web,complete,insertValue,2019-02-19T03:57:06.187+11:00,password,psw190,Web,complete,insertValue,2019-02-19T03:57:08.256+11:00,confirm,Web,complete,clickButton,2019-02-19T03:57:10.161+11:00,Web,complete,waitResponse,2019-02-19T03:57:12.761+11:00,www.webpage.com/ok,Button3,Web,complete,clickButton,2019-02-19T03:57:22.181+11:00,B2,Web,complete,clickButton,2019-02-19T03:57:25.209+11:00,ID,190,Web,complete,insertValue,2019-02-19T03:57:27.504+11:00,copy,B,value190,Excel,3,complete,2019-02-19T03:57:31.105+11:00,Special code,value190,Web,complete,paste,2019-02-19T03:57:33.513+11:00,copy,B,Melbourne 123,Excel,,,,,,,,,,,,,,,,,,,,,,,,,,,,
16,Excel,complete,openFile,Sheet1,2019-02-19T03:57:52.001+11:00,data.xls,Web,complete,goToUrl,2019-02-19T03:58:02.688+11:00,www.webpage.com,username,username175,Web,complete,insertValue,2019-02-19T03:58:11.261+11:00,password,psw175,Web,complete,insertValue,2019-02-19T03:58:20.053+11:00,confirm,Web,complete,clickButton,2019-02-19T03:58:39.830+11:00,Web,complete,waitResponse,2019-02-19T03:58:42.502+11:00,www.webpage.com/ok,Button1,Web,complete,clickButton,2019-02-19T03:58:49.266+11:00,B2,Web,complete,clickButton,2019-02-19T03:58:52.332+11:00,ID,175,Web,complete,insertValue,2019-02-19T03:58:55.526+11:00,copy,B,value175,Excel,3,complete,2019-02-19T03:58:58.975+11:00,Special code,value175,Web,complete,paste,2019-02-19T03:59:01.965+11:00,copy,B,Melbourne 123,Excel,,,,,,,,,,,,,,,,,,,,,,,,,,,,
17,Excel,complete,openFile,Sheet1,2019-02-19T03:59:20.667+11:00,data.xls,Web,complete,goToUrl,2019-02-19T03:59:28.653+11:00,www.webpage.com,username,username79,Web,complete,insertValue,2019-02-19T03:59:42.034+11:00,password,psw79,Web,complete,insertValue,2019-02-19T03:59:53.665+11:00,confirm,Web,complete,clickButton,2019-02-19T04:00:01.819+11:00,Web,complete,waitResponse,2019-02-19T04:00:06.334+11:00,www.webpage.com/ok,Button1,Web,complete,clickButton,2019-02-19T04:00:11.328+11:00,B2,Web,complete,clickButton,2019-02-19T04:00:15.919+11:00,ID,79,Web,complete,insertValue,2019-02-19T04:00:19.679+11:00,copy,B,Au 58124829 XT,Excel,1,complete,2019-02-19T04:00:22.506+11:00,Special code,Au 58124829 XT,Web,complete,paste,2019-02-19T04:00:23.725+11:00,copy,B,Melbourne 123,Excel,,,,,,,,,,,,,,,,,,,,,,,,,,,,
18,Excel,complete,openFile,Sheet1,2019-02-19T04:00:45.884+11:00,data.xls,Web,complete,goToUrl,2019-02-19T04:00:57.340+11:00,www.webpage.com,username,username104,Web,complete,insertValue,2019-02-19T04:01:02.232+11:00,password,psw104,Web,complete,insertValue,2019-02-19T04:01:09.688+11:00,confirm,Web,complete,clickButton,2019-02-19T04:01:19.325+11:00,Web,complete,waitResponse,2019-02-19T04:01:24.310+11:00,www.webpage.com/ok,Button1,Web,complete,clickButton,2019-02-19T04:01:31.938+11:00,B2,Web,complete,clickButton,2019-02-19T04:01:35.951+11:00,ID,104,Web,complete,insertValue,2019-02-19T04:01:40.009+11:00,copy,B,Au 58124829 XT,Excel,1,complete,2019-02-19T04:01:41.595+11:00,Special code,Au 58124829 XT,Web,complete,paste,2019-02-19T04:01:42.847+11:00,copy,B,Melbourne 123,Excel,,,,,,,,,,,,,,,,,,,,,,,,,,,,
19,Excel,complete,openFile,Sheet1,2019-02-19T04:01:58.645+11:00,data.xls,Web,complete,goToUrl,2019-02-19T04:01:58.645+11:00,www.webpage.com,username,username84,Web,complete,insertValue,2019-02-19T04:02:01.963+11:00,password,psw84,Web,complete,insertValue,2019-02-19T04:02:08.411+11:00,confirm,Web,complete,clickButton,2019-02-19T04:02:08.411+11:00,Web,complete,waitResponse,2019-02-19T04:02:11.286+11:00,www.webpage.com/ok,Button3,Web,complete,clickButton,2019-02-19T04:02:11.286+11:00,B2,Web,complete,clickButton,2019-02-19T04:02:14.311+11:00,ID,84,Web,complete,insertValue,2019-02-19T04:02:18.275+11:00,copy,B,value84,Excel,3,complete,2019-02-19T04:02:19.604+11:00,Special code,value84,Web,complete,paste,2019-02-19T04:02:22.857+11:00,copy,B,Melbourne 123,Excel,,,,,,,,,,,,,,,,,,,,,,,,,,,,
20,Excel,complete,openFile,Sheet1,2019-02-19T04:02:42.201+11:00,data.xls,Web,complete,goToUrl,2019-02-19T04:02:54.350+11:00,www.webpage.com,username,username172,Web,complete,insertValue,2019-02-19T04:03:00.545+11:00,password,psw172,Web,complete,insertValue,2019-02-19T04:03:00.545+11:00,confirm,Web,complete,clickButton,2019-02-19T04:03:20.242+11:00,Web,complete,waitResponse,2019-02-19T04:03:22.986+11:00,www.webpage.com/ok,Button3,Web,complete,clickButton,2019-02-19T04:03:36.457+11:00,B2,Web,complete,clickButton,2019-02-19T04:03:38.501+11:00,ID,172,Web,complete,insertValue,2019-02-19T04:03:43.264+11:00,copy,B,Au 58124829 XT,Excel,1,complete,2019-02-19T04:03:48.277+11:00,Special code,Au 58124829 XT,Web,complete,paste,2019-02-19T04:03:51.630+11:00,copy,B,Melbourne 123,Excel,,,,,,,,,,,,,,,,,,,,,,,,,,,,
21,Excel,complete,openFile,Sheet1,2019-02-19T04:04:13.543+11:00,data.xls,Web,complete,goToUrl,2019-02-19T04:04:20.741+11:00,www.webpage.com,username,username25,Web,complete,insertValue,2019-02-19T04:04:30.787+11:00,password,psw25,Web,complete,insertValue,2019-02-19T04:04:37.483+11:00,confirm,Web,complete,clickButton,2019-02-19T04:04:42.625+11:00,Web,complete,waitResponse,2019-02-19T04:04:43.771+11:00,www.webpage.com/ok,Button1,Web,complete,clickButton,2019-02-19T04:04:48.932+11:00,B2,Web,complete,clickButton,2019-02-19T04:04:53.790+11:00,ID,25,Web,complete,insertValue,2019-02-19T04:04:56.820+11:00,copy,B,Au 58124829 XT,Excel,1,complete,2019-02-19T04:05:00.992+11:00,Special code,Au 58124829 XT,Web,complete,paste,2019-02-19T04:05:05.865+11:00,copy,B,Melbourne 123,Excel,,,,,,,,,,,,,,,,,,,,,,,,,,,,
22,Excel,complete,openFile,Sheet1,2019-02-19T04:05:25.849+11:00,data.xls,Web,complete,goToUrl,2019-02-19T04:05:28.588+11:00,www.webpage.com,username,username20,Web,complete,insertValue,2019-02-19T04:05:37.406+11:00,password,psw20,Web,complete,insertValue,2019-02-19T04:05:52.141+11:00,confirm,Web,complete,clickButton,2019-02-19T04:06:00.247+11:00,Web,complete,waitResponse,2019-02-19T04:06:02.391+11:00,www.webpage.com/ok,Button1,Web,complete,clickButton,2019-02-19T04:06:02.391+11:00,B2,Web,complete,clickButton,2019-02-19T04:06:05.306+11:00,ID,20,Web,complete,insertValue,2019-02-19T04:06:09.061+11:00,copy,B,value20,Excel,3,complete,2019-02-19T04:06:11.616+11:00,Special code,value20,Web,complete,paste,2019-02-19T04:06:15.348+11:00,copy,B,Melbourne 123,Excel,,,,,,,,,,,,,,,,,,,,,,,,,,,,
23,Excel,complete,openFile,Sheet1,2019-02-19T04:06:36.673+11:00,data.xls,Web,complete,goToUrl,2019-02-19T04:06:39.471+11:00,www.webpage.com,username,username106,Web,complete,insertValue,2019-02-19T04:06:42.510+11:00,password,psw106,Web,complete,insertValue,2019-02-19T04:06:47.664+11:00,confirm,Web,complete,clickButton,2019-02-19T04:06:56.009+11:00,Web,complete,waitResponse,2019-02-19T04:06:58.276+11:00,www.webpage.com/ok,Button3,Web,complete,clickButton,2019-02-19T04:07:08.420+11:00,B2,Web,complete,clickButton,2019-02-19T04:07:11.054+11:00,ID,106,Web,complete,insertValue,2019-02-19T04:07:14.252+11:00,copy,B,Au 58124829 XT,Excel,1,complete,2019-02-19T04:07:17.197+11:00,Special code,Au 58124829 XT,Web,complete,paste,2019-02-19T04:07:20.701+11:00,copy,B,Melbourne 123,Excel,,,,,,,,,,,,,,,,,,,,,,,,,,,,
24,Excel,complete,openFile,Sheet1,2019-02-19T04:07:38.582+11:00,data.xls,Web,complete,goToUrl,2019-02-19T04:07:44.020+11:00,www.webpage.com,username,username20,Web,complete,insertValue,2019-02-19T04:07:44.685+11:00,password,psw20,Web,complete,insertValue,2019-02-19T04:07:55.046+11:00,confirm,Web,complete,clickButton,2019-02-19T04:08:03.311+11:00,Web,complete,waitResponse,2019-02-19T04:08:06.946+11:00,www.webpage.com/ok,Button3,Web,complete,clickButton,2019-02-19T04:08:06.946+11:00,B2,Web,complete,clickButton,2019-02-19T04:08:10.442+11:00,ID,20,Web,complete,insertValue,2019-02-19T04:08:14.535+11:00,copy,B,Au 58124829 XT,Excel,1,complete,2019-02-19T04:08:18.327+11:00,Special code,Au 58124829 XT,Web,complete,paste,2019-02-19T04:08:21.512+11:00,copy,B,Melbourne 123,Excel,,,,,,,,,,,,,,,,,,,,,,,,,,,,
25,Excel,complete,openFile,Sheet1,2019-02-19T04:08:37.475+11:00,data.xls,Web,complete,goToUrl,2019-02-19T04:08:43.151+11:00,www.webpage.com,username,username170,Web,complete,insertValue,2019-02-19T04:08:50.117+11:00,password,psw170,Web,complete,insertValue,2019-02-19T04:09:00.095+11:00,confirm,Web,complete,clickButton,2019-02-19T04:09:07.337+11:00,Web,complete,waitResponse,2019-02-19T04:09:10.399+11:00,www.webpage.com/ok,Button3,Web,complete,clickButton,2019-02-19T04:09:12.353+11:00,B2,Web,complete,clickButton,2019-02-19T04:09:15.571+11:00,ID,170,Web,complete,insertValue,2019-02-19T04:09:21.514+11:00,copy,B,value170,Excel,3,complete,2019-02-19T04:09:22.856+11:00,Special code,value170,Web,complete,paste,2019-02-19T04:09:26.431+11:00,copy,B,Melbourne 123,Excel,,,,,,,,,,,,,,,,,,,,,,,,,,,,
26,Excel,complete,openFile,Sheet1,2019-02-19T04:09:40.827+11:00,data.xls,Web,complete,goToUrl,2019-02-19T04:09:40.827+11:00,www.webpage.com,username,username86,Web,complete,insertValue,2019-02-19T04:09:40.827+11:00,password,psw86,Web,complete,insertValue,2019-02-19T04:09:58.601+11:00,confirm,Web,complete,clickButton,2019-02-19T04:10:08.796+11:00,Web,complete,waitResponse,2019-02-19T04:10:11.626+11:00,www.webpage.com/ok,Button3,Web,complete,clickButton,2019-02-19T04:10:22.364+11:00,B2,Web,complete,clickButton,2019-02-19T04:10:26.207+11:00,ID,86,Web,complete,insertValue,2019-02-19T04:10:28.174+11:00,copy,B,Au 58124829 XT,Excel,1,complete,2019-02-19T04:10:32.447+11:00,Special code,Au 58124829 XT,Web,complete,paste,2019-02-19T04:10:35.200+11:00,copy,B,Melbourne 123,Excel,,,,,,,,,,,,,,,,,,,,,,,,,,,,
27,Excel,complete,openFile,Sheet1,2019-02-19T04:10:54.863+11:00,data.xls,Web,complete,goToUrl,2019-02-19T04:11:03.107+11:00,www.webpage.com,username,username72,Web,complete,insertValue,2019-02-19T04:11:11.691+11:00,password,psw72,Web,complete,insertValue,2019-02-19T04:11:16.602+11:00,confirm,Web,complete,clickButton,2019-02-19T04:11:28.907+11:00,Web,complete,waitResponse,2019-02-19T04:11:31.498+11:00,www.webpage.com/ok,Button3,Web,complete,clickButton,2019-02-19T04:11:40.829+11:00,B2,Web,complete,clickButton,2019-02-19T04:11:45.597+11:00,ID,72,Web,complete,insertValue,2019-02-19T04:11:48.409+11:00,copy,B,Au 58124829 XT,Excel,1,complete,2019-02-19T04:11:51.502+11:00,Special code,Au 58124829 XT,Web,complete,paste,2019-02-19T04:11:53.591+11:00,copy,B,Melbourne 123,Excel,,,,,,,,,,,,,,,,,,,,,,,,,,,,
28,Excel,complete,openFile,Sheet1,2019-02-19T04:12:14.030+11:00,data.xls,Web,complete,goToUrl,2019-02-19T04:12:17.245+11:00,www.webpage.com,username,username161,Web,complete,insertValue,2019-02-19T04:12:21.618+11:00,password,psw161,Web,complete,insertValue,2019-02-19T04:12:21.687+11:00,confirm,Web,complete,clickButton,2019-02-19T04:12:31.520+11:00,Web,complete,waitResponse,2019-02-19T04:12:35.018+11:00,www.webpage.com/ok,Button3,Web,complete,clickButton,2019-02-19T04:12:46.997+11:00,B2,Web,complete,clickButton,2019-02-19T04:12:49.608+11:00,ID,161,Web,complete,insertValue,2019-02-19T04:12:50.439+11:00,copy,B,value161,Excel,3,complete,2019-02-19T04:12:52.741+11:00,Special code,value161,Web,complete,paste,2019-02-19T04:12:53.484+11:00,copy,B,Melbourne 123,Excel,,,,,,,,,,,,,,,,,,,,,,,,,,,,
29,Excel,complete,openFile,Sheet1,2019-02-19T04:13:13.350+11:00,data.xls,Web,complete,goToUrl,2019-02-19T04:13:19.094+11:00,www.webpage.com,username,username173,Web,complete,insertValue,2019-02-19T04:13:30.882+11:00,password,psw173,Web,complete,insertValue,2019-02-19T04:13:37.947+11:00,confirm,Web,complete,clickButton,2019-02-19T04:13:48.803+11:00,Web,complete,waitResponse,2019-02-19T04:13:53.068+11:00,www.webpage.com/ok,Button1,Web,complete,clickButton,2019-02-19T04:14:04.271+11:00,B2,Web,complete,clickButton,2019-02-19T04:14:09.646+11:00,ID,173,Web,complete,insertValue,2019-02-19T04:14:10.287+11:00,copy,B,Au 58124829 XT,Excel,1,complete,2019-02-19T04:14:12.810+11:00,Special code,Au 58124829 XT,Web,complete,paste,2019-02-19T04:14:16.509+11:00,copy,B,Melbourne 123,Excel,,,,,,,,,,,,,,,,,,,,,,,,,,,,
30,Excel,complete,openFile,Sheet1,2019-02-19T04:14:35.019+11:00,data.xls,Web,complete,goToUrl,2019-02-19T04:14:44.891+11:00,www.webpage.com,username,username104,Web,complete,insertValue,2019-02-19T04:14:53.159+11:00,password,psw104,Web,complete,insertValue,2019-02-19T04:14:57.997+11:00,confirm,Web,complete,clickButton,2019-02-19T04:15:16.257+11:00,Web,complete,waitResponse,2019-02-19T04:15:18.287+11:00,www.webpage.com/ok,Button3,Web,complete,clickButton,2019-02-19T04:15:32.615+11:00,B2,Web,complete,clickButton,2019-02-19T04:15:35.251+11:00,ID,104,Web,complete,insertValue,2019-02-19T04:15:37.755+11:00,copy,B,value104,Excel,3,complete,2019-02-19T04:15:42.664+11:00,Special code,value104,Web,complete,paste,2019-02-19T04:15:46.163+11:00,copy,B,Melbourne 123,Excel,,,,,,,,,,,,,,,,,,,,,,,,,,,,
31,Excel,complete,openFile,Sheet1,2019-02-19T04:16:02.921+11:00,data.xls,Web,complete,goToUrl,2019-02-19T04:16:08.395+11:00,www.webpage.com,username,username34,Web,complete,insertValue,2019-02-19T04:16:13.394+11:00,password,psw34,Web,complete,insertValue,2019-02-19T04:16:25.888+11:00,confirm,Web,complete,clickButton,2019-02-19T04:16:34.107+11:00,Web,complete,waitResponse,2019-02-19T04:16:37.363+11:00,www.webpage.com/ok,Button3,Web,complete,clickButton,2019-02-19T04:16:42.707+11:00,B2,Web,complete,clickButton,2019-02-19T04:16:46.026+11:00,ID,34,Web,complete,insertValue,2019-02-19T04:16:49.766+11:00,copy,B,Au 58124829 XT,Excel,1,complete,2019-02-19T04:16:52.473+11:00,Special code,Au 58124829 XT,Web,complete,paste,2019-02-19T04:16:55.700+11:00,copy,B,Melbourne 123,Excel,,,,,,,,,,,,,,,,,,,,,,,,,,,,
32,Excel,complete,openFile,Sheet1,2019-02-19T04:17:14.409+11:00,data.xls,Web,complete,goToUrl,2019-02-19T04:17:27.722+11:00,www.webpage.com,username,username181,Web,complete,insertValue,2019-02-19T04:17:33.151+11:00,password,psw181,Web,complete,insertValue,2019-02-19T04:17:41.778+11:00,confirm,Web,complete,clickButton,2019-02-19T04:17:45.046+11:00,Web,complete,waitResponse,2019-02-19T04:17:48.065+11:00,www.webpage.com/ok,Button1,Web,complete,clickButton,2019-02-19T04:17:55.896+11:00,B2,Web,complete,clickButton,2019-02-19T04:17:58.998+11:00,ID,181,Web,complete,insertValue,2019-02-19T04:18:02.642+11:00,copy,B,value181,Excel,3,complete,2019-02-19T04:18:04.638+11:00,Special code,value181,Web,complete,paste,2019-02-19T04:18:08.550+11:00,copy,B,Melbourne 123,Excel,,,,,,,,,,,,,,,,,,,,,,,,,,,,
33,Excel,complete,openFile,Sheet1,2019-02-19T04:18:25.054+11:00,data.xls,Web,complete,goToUrl,2019-02-19T04:18:36.594+11:00,www.webpage.com,username,username170,Web,complete,insertValue,2019-02-19T04:18:45.278+11:00,password,psw170,Web,complete,insertValue,2019-02-19T04:18:57.939+11:00,confirm,Web,complete,clickButton,2019-02-19T04:19:15.611+11:00,Web,complete,waitResponse,2019-02-19T04:19:18.380+11:00,www.webpage.com/ok,Button3,Web,complete,clickButton,2019-02-19T04:19:22.018+11:00,B2,Web,complete,clickButton,2019-02-19T04:19:25.329+11:00,ID,170,Web,complete,insertValue,2019-02-19T04:19:27.483+11:00,copy,B,value170,Excel,3,complete,2019-02-19T04:19:30.257+11:00,Special code,value170,Web,complete,paste,2019-02-19T04:19:32.491+11:00,copy,B,Melbourne 123,Excel,,,,,,,,,,,,,,,,,,,,,,,,,,,,
34,Excel,complete,openFile,Sheet1,2019-02-19T04:19:50.848+11:00,data.xls,Web,complete,goToUrl,2019-02-19T04:19:57.870+11:00,www.webpage.com,username,username87,Web,complete,insertValue,2019-02-19T04:19:59.035+11:00,password,psw87,Web,complete,insertValue,2019-02-19T04:20:07.569+11:00,confirm,Web,complete,clickButton,2019-02-19T04:20:15.776+11:00,Web,complete,waitResponse,2019-02-19T04:20:16.799+11:00,www.webpage.com/ok,Button3,Web,complete,clickButton,2019-02-19T04:20:35.686+11:00,B2,Web,complete,clickButton,2019-02-19T04:20:41.216+11:00,ID,87,Web,complete,insertValue,2019-02-19T04:20:43.064+11:00,copy,B,value87,Excel,3,complete,2019-02-19T04:20:46.373+11:00,Special code,value87,Web,complete,paste,2019-02-19T04:20:49.249+11:00,copy,B,Melbourne 123,Excel,,,,,,,,,,,,,,,,,,,,,,,,,,,,
35,Excel,complete,openFile,Sheet1,2019-02-19T04:21:08.898+11:00,data.xls,Web,complete,goToUrl,2019-02-19T04:21:24.084+11:00,www.webpage.com,username,username130,Web,complete,insertValue,2019-02-19T04:21:33.247+11:00,password,psw130,Web,complete,insertValue,2019-02-19T04:21:43.662+11:00,confirm,Web,complete,clickButton,2019-02-19T04:21:43.662+11:00,Web,complete,waitResponse,2019-02-19T04:21:46.628+11:00,www.webpage.com/ok,Button3,Web,complete,clickButton,2019-02-19T04:21:49.787+11:00,B2,Web,complete,clickButton,2019-02-19T04:21:51.814+11:00,ID,130,Web,complete,insertValue,2019-02-19T04:21:54.086+11:00,copy,B,Au 58124829 XT,Excel,1,complete,2019-02-19T04:21:55.684+11:00,Special code,Au 58124829 XT,Web,complete,paste,2019-02-19T04:21:59.570+11:00,copy,B,Melbourne 123,Excel,,,,,,,,,,,,,,,,,,,,,,,,,,,,
36,Excel,complete,openFile,Sheet1,2019-02-19T04:22:18.208+11:00,data.xls,Web,complete,goToUrl,2019-02-19T04:22:20.305+11:00,www.webpage.com,username,username41,Web,complete,insertValue,2019-02-19T04:22:36.322+11:00,password,psw41,Web,complete,insertValue,2019-02-19T04:22:49.909+11:00,confirm,Web,complete,clickButton,2019-02-19T04:23:11.548+11:00,Web,complete,waitResponse,2019-02-19T04:23:14.117+11:00,www.webpage.com/ok,Button3,Web,complete,clickButton,2019-02-19T04:23:20.649+11:00,B2,Web,complete,clickButton,2019-02-19T04:23:22.645+11:00,ID,41,Web,complete,insertValue,2019-02-19T04:23:26.547+11:00,copy,B,Au 58124829 XT,Excel,1,complete,2019-02-19T04:23:30.053+11:00,Special code,Au 58124829 XT,Web,complete,paste,2019-02-19T04:23:32.728+11:00,copy,B,Melbourne 123,Excel,,,,,,,,,,,,,,,,,,,,,,,,,,,,
37,Excel,complete,openFile,Sheet1,2019-02-19T04:23:50.712+11:00,data.xls,Web,complete,goToUrl,2019-02-19T04:23:52.181+11:00,www.webpage.com,username,username56,Web,complete,insertValue,2019-02-19T04:24:03.063+11:00,password,psw56,Web,complete,insertValue,2019-02-19T04:24:06.457+11:00,confirm,Web,complete,clickButton,2019-02-19T04:24:20.801+11:00,Web,complete,waitResponse,2019-02-19T04:24:23.270+11:00,www.webpage.com/ok,Button3,Web,complete,clickButton,2019-02-19T04:24:28.600+11:00,B2,Web,complete,clickButton,2019-02-19T04:24:31.605+11:00,ID,56,Web,complete,insertValue,2019-02-19T04:24:32.745+11:00,copy,B,value56,Excel,3,complete,2019-02-19T04:24:35.744+11:00,Special code,value56,Web,complete,paste,2019-02-19T04:24:36.519+11:00,copy,B,Melbourne 123,Excel,,,,,,,,,,,,,,,,,,,,,,,,,,,,
38,Excel,complete,openFile,Sheet1,2019-02-19T04:24:55.664+11:00,data.xls,Web,complete,goToUrl,2019-02-19T04:25:00.531+11:00,www.webpage.com,username,username23,Web,complete,insertValue,2019-02-19T04:25:00.531+11:00,password,psw23,Web,complete,insertValue,2019-02-19T04:25:05.992+11:00,confirm,Web,complete,clickButton,2019-02-19T04:25:14.367+11:00,Web,complete,waitResponse,2019-02-19T04:25:19.031+11:00,www.webpage.com/ok,Button1,Web,complete,clickButton,2019-02-19T04:25:29.997+11:00,B2,Web,complete,clickButton,2019-02-19T04:25:31.857+11:00,ID,23,Web,complete,insertValue,2019-02-19T04:25:34.337+11:00,copy,B,Au 58124829 XT,Excel,1,complete,2019-02-19T04:25:37.521+11:00,Special code,Au 58124829 XT,Web,complete,paste,2019-02-19T04:25:40.238+11:00,copy,B,Melbourne 123,Excel,,,,,,,,,,,,,,,,,,,,,,,,,,,,
39,Excel,complete,openFile,Sheet1,2019-02-19T04:26:00.792+11:00,data.xls,Web,complete,goToUrl,2019-02-19T04:26:08.883+11:00,www.webpage.com,username,username81,Web,complete,insertValue,2019-02-19T04:26:15.621+11:00,password,psw81,Web,complete,insertValue,2019-02-19T04:26:23.802+11:00,confirm,Web,complete,clickButton,2019-02-19T04:26:32.225+11:00,Web,complete,waitResponse,2019-02-19T04:26:32.444+11:00,www.webpage.com/ok,Button3,Web,complete,clickButton,2019-02-19T04:26:42.023+11:00,B2,Web,complete,clickButton,2019-02-19T04:26:45.485+11:00,ID,81,Web,complete,insertValue,2019-02-19T04:26:46.400+11:00,copy,B,Au 58124829 XT,Excel,1,complete,2019-02-19T04:26:48.281+11:00,Special code,Au 58124829 XT,Web,complete,paste,2019-02-19T04:26:51.345+11:00,copy,B,Melbourne 123,Excel,,,,,,,,,,,,,,,,,,,,,,,,,,,,
40,Excel,complete,openFile,Sheet1,2019-02-19T04:27:07.314+11:00,data.xls,Web,complete,goToUrl,2019-02-19T04:27:09.808+11:00,www.webpage.com,username,username103,Web,complete,insertValue,2019-02-19T04:27:24.570+11:00,password,psw103,Web,complete,insertValue,2019-02-19T04:27:35.169+11:00,confirm,Web,complete,clickButton,2019-02-19T04:27:39.212+11:00,Web,complete,waitResponse,2019-02-19T04:27:43.012+11:00,www.webpage.com/ok,Button1,Web,complete,clickButton,2019-02-19T04:27:53.743+11:00,B2,Web,complete,clickButton,2019-02-19T04:27:56.945+11:00,ID,103,Web,complete,insertValue,2019-02-19T04:27:59.245+11:00,copy,B,Au 58124829 XT,Excel,1,complete,2019-02-19T04:28:01.758+11:00,Special code,Au 58124829 XT,Web,complete,paste,2019-02-19T04:28:04.239+11:00,copy,B,Melbourne 123,Excel,,,,,,,,,,,,,,,,,,,,,,,,,,,,
41,Excel,complete,openFile,Sheet1,2019-02-19T04:28:24.023+11:00,data.xls,Web,complete,goToUrl,2019-02-19T04:28:31.192+11:00,www.webpage.com,username,username40,Web,complete,insertValue,2019-02-19T04:28:43.484+11:00,password,psw40,Web,complete,insertValue,2019-02-19T04:28:44.266+11:00,confirm,Web,complete,clickButton,2019-02-19T04:29:04.737+11:00,Web,complete,waitResponse,2019-02-19T04:29:06.404+11:00,www.webpage.com/ok,Button1,Web,complete,clickButton,2019-02-19T04:29:14.434+11:00,B2,Web,complete,clickButton,2019-02-19T04:29:17.856+11:00,ID,40,Web,complete,insertValue,2019-02-19T04:29:21.301+11:00,copy,B,value40,Excel,3,complete,2019-02-19T04:29:24.254+11:00,Special code,value40,Web,complete,paste,2019-02-19T04:29:28.234+11:00,copy,B,Melbourne 123,Excel,,,,,,,,,,,,,,,,,,,,,,,,,,,,
42,Excel,complete,openFile,Sheet1,2019-02-19T04:29:45.187+11:00,data.xls,Web,complete,goToUrl,2019-02-19T04:29:52.859+11:00,www.webpage.com,username,username158,Web,complete,insertValue,2019-02-19T04:30:09.057+11:00,password,psw158,Web,complete,insertValue,2019-02-19T04:30:18.904+11:00,confirm,Web,complete,clickButton,2019-02-19T04:30:24.743+11:00,Web,complete,waitResponse,2019-02-19T04:30:28.402+11:00,www.webpage.com/ok,Button1,Web,complete,clickButton,2019-02-19T04:30:41.048+11:00,B2,Web,complete,clickButton,2019-02-19T04:30:43.443+11:00,ID,158,Web,complete,insertValue,2019-02-19T04:30:44.601+11:00,copy,B,Au 58124829 XT,Excel,1,complete,2019-02-19T04:30:48.008+11:00,Special code,Au 58124829 XT,Web,complete,paste,2019-02-19T04:30:49.989+11:00,copy,B,Melbourne 123,Excel,,,,,,,,,,,,,,,,,,,,,,,,,,,,
43,Excel,complete,openFile,Sheet1,2019-02-19T04:31:07.784+11:00,data.xls,Web,complete,goToUrl,2019-02-19T04:31:21.643+11:00,www.webpage.com,username,username34,Web,complete,insertValue,2019-02-19T04:31:34.369+11:00,password,psw34,Web,complete,insertValue,2019-02-19T04:31:38.534+11:00,confirm,Web,complete,clickButton,2019-02-19T04:31:47.867+11:00,Web,complete,waitResponse,2019-02-19T04:31:49.135+11:00,www.webpage.com/ok,Button1,Web,complete,clickButton,2019-02-19T04:32:05.930+11:00,B2,Web,complete,clickButton,2019-02-19T04:32:09.316+11:00,ID,34,Web,complete,insertValue,2019-02-19T04:32:13.055+11:00,copy,B,Au 58124829 XT,Excel,1,complete,2019-02-19T04:32:16.004+11:00,Special code,Au 58124829 XT,Web,complete,paste,2019-02-19T04:32:19.745+11:00,copy,B,Melbourne 123,Excel,,,,,,,,,,,,,,,,,,,,,,,,,,,,
44,Excel,complete,openFile,Sheet1,2019-02-19T04:32:35.344+11:00,data.xls,Web,complete,goToUrl,2019-02-19T04:32:44.653+11:00,www.webpage.com,username,username164,Web,complete,insertValue,2019-02-19T04:32:56.027+11:00,password,psw164,Web,complete,insertValue,2019-02-19T04:33:06.725+11:00,confirm,Web,complete,clickButton,2019-02-19T04:33:20.973+11:00,Web,complete,waitResponse,2019-02-19T04:33:23.155+11:00,www.webpage.com/ok,Button3,Web,complete,clickButton,2019-02-19T04:33:28.004+11:00,B2,Web,complete,clickButton,2019-02-19T04:33:30.237+11:00,ID,164,Web,complete,insertValue,2019-02-19T04:33:32.531+11:00,copy,B,Au 58124829 XT,Excel,1,complete,2019-02-19T04:33:34.992+11:00,Special code,Au 58124829 XT,Web,complete,paste,2019-02-19T04:33:37.316+11:00,copy,B,Melbourne 123,Excel,,,,,,,,,,,,,,,,,,,,,,,,,,,,
45,Excel,complete,openFile,Sheet1,2019-02-19T04:33:53.072+11:00,data.xls,Web,complete,goToUrl,2019-02-19T04:34:03.868+11:00,www.webpage.com,username,username112,Web,complete,insertValue,2019-02-19T04:34:10.673+11:00,password,psw112,Web,complete,insertValue,2019-02-19T04:34:15.928+11:00,confirm,Web,complete,clickButton,2019-02-19T04:34:23.293+11:00,Web,complete,waitResponse,2019-02-19T04:34:27.312+11:00,www.webpage.com/ok,Button1,Web,complete,clickButton,2019-02-19T04:34:36.410+11:00,B2,Web,complete,clickButton,2019-02-19T04:34:39.377+11:00,ID,112,Web,complete,insertValue,2019-02-19T04:34:41.928+11:00,copy,B,value112,Excel,3,complete,2019-02-19T04:34:45.864+11:00,Special code,value112,Web,complete,paste,2019-02-19T04:34:49.208+11:00,copy,B,Melbourne 123,Excel,,,,,,,,,,,,,,,,,,,,,,,,,,,,
46,Excel,complete,openFile,Sheet1,2019-02-19T04:35:08.954+11:00,data.xls,Web,complete,goToUrl,2019-02-19T04:35:28.197+11:00,www.webpage.com,username,username16,Web,complete,insertValue,2019-02-19T04:35:39.453+11:00,password,psw16,Web,complete,insertValue,2019-02-19T04:35:45.838+11:00,confirm,Web,complete,clickButton,2019-02-19T04:35:56.799+11:00,Web,complete,waitResponse,2019-02-19T04:36:00.502+11:00,www.webpage.com/ok,Button3,Web,complete,clickButton,2019-02-19T04:36:00.502+11:00,B2,Web,complete,clickButton,2019-02-19T04:36:02.352+11:00,ID,16,Web,complete,insertValue,2019-02-19T04:36:03.638+11:00,copy,B,Au 58124829 XT,Excel,1,complete,2019-02-19T04:36:07.363+11:00,Special code,Au 58124829 XT,Web,complete,paste,2019-02-19T04:36:10.262+11:00,copy,B,Melbourne 123,Excel,,,,,,,,,,,,,,,,,,,,,,,,,,,,
47,Excel,complete,openFile,Sheet1,2019-02-19T04:36:28.225+11:00,data.xls,Web,complete,goToUrl,2019-02-19T04:36:37.582+11:00,www.webpage.com,username,username9,Web,complete,insertValue,2019-02-19T04:36:42.549+11:00,password,psw9,Web,complete,insertValue,2019-02-19T04:36:43.450+11:00,confirm,Web,complete,clickButton,2019-02-19T04:37:00.259+11:00,Web,complete,waitResponse,2019-02-19T04:37:02.330+11:00,www.webpage.com/ok,Button1,Web,complete,clickButton,2019-02-19T04:37:05.176+11:00,B2,Web,complete,clickButton,2019-02-19T04:37:07.851+11:00,ID,9,Web,complete,insertValue,2019-02-19T04:37:11.350+11:00,copy,B,Au 58124829 XT,Excel,1,complete,2019-02-19T04:37:13.942+11:00,Special code,Au 58124829 XT,Web,complete,paste,2019-02-19T04:37:17.861+11:00,copy,B,Melbourne 123,Excel,,,,,,,,,,,,,,,,,,,,,,,,,,,,
48,Excel,complete,openFile,Sheet1,2019-02-19T04:37:39.413+11:00,data.xls,Web,complete,goToUrl,2019-02-19T04:37:47.990+11:00,www.webpage.com,username,username91,Web,complete,insertValue,2019-02-19T04:37:54.518+11:00,password,psw91,Web,complete,insertValue,2019-02-19T04:38:08.304+11:00,confirm,Web,complete,clickButton,2019-02-19T04:38:10.712+11:00,Web,complete,waitResponse,2019-02-19T04:38:13.105+11:00,www.webpage.com/ok,Button3,Web,complete,clickButton,2019-02-19T04:38:21.630+11:00,B2,Web,complete,clickButton,2019-02-19T04:38:26.361+11:00,ID,91,Web,complete,insertValue,2019-02-19T04:38:29.799+11:00,copy,B,value91,Excel,3,complete,2019-02-19T04:38:33.667+11:00,Special code,value91,Web,complete,paste,2019-02-19T04:38:35.594+11:00,copy,B,Melbourne 123,Excel,,,,,,,,,,,,,,,,,,,,,,,,,,,,
49,Excel,complete,openFile,Sheet1,2019-02-19T04:38:56.589+11:00,data.xls,Web,complete,goToUrl,2019-02-19T04:38:57.493+11:00,www.webpage.com,username,username121,Web,complete,insertValue,2019-02-19T04:39:01.170+11:00,password,psw121,Web,complete,insertValue,2019-02-19T04:39:15.241+11:00,confirm,Web,complete,clickButton,2019-02-19T04:39:17.191+11:00,Web,complete,waitResponse,2019-02-19T04:39:19.110+11:00,www.webpage.com/ok,Button3,Web,complete,clickButton,2019-02-19T04:39:24.030+11:00,B2,Web,complete,clickButton,2019-02-19T04:39:26.360+11:00,ID,121,Web,complete,insertValue,2019-02-19T04:39:28.749+11:00,copy,B,value121,Excel,3,complete,2019-02-19T04:39:31.577+11:00,Special code,value121,Web,complete,paste,2019-02-19T04:39:34.236+11:00,copy,B,Melbourne 123,Excel,,,,,,,,,,,,,,,,,,,,,,,,,,,,
50,Excel,complete,openFile,Sheet1,2019-02-19T04:39:53.242+11:00,data.xls,Web,complete,goToUrl,2019-02-19T04:39:58.161+11:00,www.webpage.com,username,username150,Web,complete,insertValue,2019-02-19T04:40:11.689+11:00,password,psw150,Web,complete,insertValue,2019-02-19T04:40:23.532+11:00,confirm,Web,complete,clickButton,2019-02-19T04:40:39.058+11:00,Web,complete,waitResponse,2019-02-19T04:40:40.998+11:00,www.webpage.com/ok,Button1,Web,complete,clickButton,2019-02-19T04:40:51.684+11:00,B2,Web,complete,clickButton,2019-02-19T04:40:55.369+11:00,ID,150,Web,complete,insertValue,2019-02-19T04:40:58.236+11:00,copy,B,value150,Excel,3,complete,2019-02-19T04:41:00.634+11:00,Special code,value150,Web,complete,paste,2019-02-19T04:41:02.497+11:00,copy,B,Melbourne 123,Excel,,,,,,,,,,,,,,,,,,,,,,,,,,,,
51,Excel,complete,openFile,Sheet1,2019-02-19T04:41:22.176+11:00,data.xls,Web,complete,goToUrl,2019-02-19T04:41:28.909+11:00,www.webpage.com,username,username4,Web,complete,insertValue,2019-02-19T04:41:34.930+11:00,password,psw4,Web,complete,insertValue,2019-02-19T04:41:49.416+11:00,confirm,Web,complete,clickButton,2019-02-19T04:41:57.968+11:00,Web,complete,waitResponse,2019-02-19T04:42:01.237+11:00,www.webpage.com/ok,Button1,Web,complete,clickButton,2019-02-19T04:42:13.109+11:00,B2,Web,complete,clickButton,2019-02-19T04:42:17.218+11:00,ID,4,Web,complete,insertValue,2019-02-19T04:42:18.311+11:00,copy,B,Au 58124829 XT,Excel,1,complete,2019-02-19T04:42:21.567+11:00,Special code,Au 58124829 XT,Web,complete,paste,2019-02-19T04:42:24.470+11:00,copy,B,Melbourne 123,Excel,,,,,,,,,,,,,,,,,,,,,,,,,,,,
52,Excel,complete,openFile,Sheet1,2019-02-19T04:42:43.510+11:00,data.xls,Web,complete,goToUrl,2019-02-19T04:42:48.974+11:00,www.webpage.com,username,username46,Web,complete,insertValue,2019-02-19T04:42:58.419+11:00,password,psw46,Web,complete,insertValue,2019-02-19T04:43:16.861+11:00,confirm,Web,complete,clickButton,2019-02-19T04:43:30.742+11:00,Web,complete,waitResponse,2019-02-19T04:43:35.258+11:00,www.webpage.com/ok,Button3,Web,complete,clickButton,2019-02-19T04:43:36.246+11:00,B2,Web,complete,clickButton,2019-02-19T04:43:37.733+11:00,ID,46,Web,complete,insertValue,2019-02-19T04:43:40.559+11:00,copy,B,value46,Excel,3,complete,2019-02-19T04:43:43.492+11:00,Special code,value46,Web,complete,paste,2019-02-19T04:43:46.261+11:00,copy,B,Melbourne 123,Excel,,,,,,,,,,,,,,,,,,,,,,,,,,,,
53,Excel,complete,openFile,Sheet1,2019-02-19T04:44:05.653+11:00,data.xls,Web,complete,goToUrl,2019-02-19T04:44:16.435+11:00,www.webpage.com,username,username182,Web,complete,insertValue,2019-02-19T04:44:20.970+11:00,password,psw182,Web,complete,insertValue,2019-02-19T04:44:34.250+11:00,confirm,Web,complete,clickButton,2019-02-19T04:44:45.131+11:00,Web,complete,waitResponse,2019-02-19T04:44:48.503+11:00,www.webpage.com/ok,Button1,Web,complete,clickButton,2019-02-19T04:44:56.557+11:00,B2,Web,complete,clickButton,2019-02-19T04:44:59.284+11:00,ID,182,Web,complete,insertValue,2019-02-19T04:45:00.976+11:00,copy,B,Au 58124829 XT,Excel,1,complete,2019-02-19T04:45:03.882+11:00,Special code,Au 58124829 XT,Web,complete,paste,2019-02-19T04:45:07.002+11:00,copy,B,Melbourne 123,Excel,,,,,,,,,,,,,,,,,,,,,,,,,,,,
54,Excel,complete,openFile,Sheet1,2019-02-19T04:45:27.561+11:00,data.xls,Web,complete,goToUrl,2019-02-19T04:45:37.090+11:00,www.webpage.com,username,username104,Web,complete,insertValue,2019-02-19T04:45:51.959+11:00,password,psw104,Web,complete,insertValue,2019-02-19T04:46:06.719+11:00,confirm,Web,complete,clickButton,2019-02-19T04:46:10.395+11:00,Web,complete,waitResponse,2019-02-19T04:46:14.433+11:00,www.webpage.com/ok,Button1,Web,complete,clickButton,2019-02-19T04:46:16.883+11:00,B2,Web,complete,clickButton,2019-02-19T04:46:19.469+11:00,ID,104,Web,complete,insertValue,2019-02-19T04:46:22.823+11:00,copy,B,Au 58124829 XT,Excel,1,complete,2019-02-19T04:46:24.633+11:00,Special code,Au 58124829 XT,Web,complete,paste,2019-02-19T04:46:26.666+11:00,copy,B,Melbourne 123,Excel,,,,,,,,,,,,,,,,,,,,,,,,,,,,
55,Excel,complete,openFile,Sheet1,2019-02-19T04:46:45.066+11:00,data.xls,Web,complete,goToUrl,2019-02-19T04:47:05.302+11:00,www.webpage.com,username,username149,Web,complete,insertValue,2019-02-19T04:47:10.619+11:00,password,psw149,Web,complete,insertValue,2019-02-19T04:47:20.994+11:00,confirm,Web,complete,clickButton,2019-02-19T04:47:24.048+11:00,Web,complete,waitResponse,2019-02-19T04:47:27.372+11:00,www.webpage.com/ok,Button1,Web,complete,clickButton,2019-02-19T04:47:43.537+11:00,B2,Web,complete,clickButton,2019-02-19T04:47:45.207+11:00,ID,149,Web,complete,insertValue,2019-02-19T04:47:49.117+11:00,copy,B,value149,Excel,3,complete,2019-02-19T04:47:51.083+11:00,Special code,value149,Web,complete,paste,2019-02-19T04:47:52.529+11:00,copy,B,Melbourne 123,Excel,,,,,,,,,,,,,,,,,,,,,,,,,,,,
56,Excel,complete,openFile,Sheet1,2019-02-19T04:48:12.545+11:00,data.xls,Web,complete,goToUrl,2019-02-19T04:48:20.838+11:00,www.webpage.com,username,username126,Web,complete,insertValue,2019-02-19T04:48:38.280+11:00,password,psw126,Web,complete,insertValue,2019-02-19T04:48:44.890+11:00,confirm,Web,complete,clickButton,2019-02-19T04:48:52.306+11:00,Web,complete,waitResponse,2019-02-19T04:48:54.713+11:00,www.webpage.com/ok,Button3,Web,complete,clickButton,2019-02-19T04:48:57.212+11:00,B2,Web,complete,clickButton,2019-02-19T04:49:01.049+11:00,ID,126,Web,complete,insertValue,2019-02-19T04:49:05.407+11:00,copy,B,value126,Excel,3,complete,2019-02-19T04:49:08.445+11:00,Special code,value126,Web,complete,paste,2019-02-19T04:49:11.239+11:00,copy,B,Melbourne 123,Excel,,,,,,,,,,,,,,,,,,,,,,,,,,,,
57,Excel,complete,openFile,Sheet1,2019-02-19T04:49:30.666+11:00,data.xls,Web,complete,goToUrl,2019-02-19T04:49:39.715+11:00,www.webpage.com,username,username30,Web,complete,insertValue,2019-02-19T04:49:46.196+11:00,password,psw30,Web,complete,insertValue,2019-02-19T04:49:59.291+11:00,confirm,Web,complete,clickButton,2019-02-19T04:50:10.785+11:00,Web,complete,waitResponse,2019-02-19T04:50:13.129+11:00,www.webpage.com/ok,Button1,Web,complete,clickButton,2019-02-19T04:50:24.466+11:00,B2,Web,complete,clickButton,2019-02-19T04:50:26.635+11:00,ID,30,Web,complete,insertValue,2019-02-19T04:50:30.794+11:00,copy,B,Au 58124829 XT,Excel,1,complete,2019-02-19T04:50:34.660+11:00,Special code,Au 58124829 XT,Web,complete,paste,2019-02-19T04:50:37.145+11:00,copy,B,Melbourne 123,Excel,,,,,,,,,,,,,,,,,,,,,,,,,,,,
58,Excel,complete,openFile,Sheet1,2019-02-19T04:50:55.034+11:00,data.xls,Web,complete,goToUrl,2019-02-19T04:51:00.620+11:00,www.webpage.com,username,username159,Web,complete,insertValue,2019-02-19T04:51:06.549+11:00,password,psw159,Web,complete,insertValue,2019-02-19T04:51:11.970+11:00,confirm,Web,complete,clickButton,2019-02-19T04:51:18.450+11:00,Web,complete,waitResponse,2019-02-19T04:51:20.124+11:00,www.webpage.com/ok,Button3,Web,complete,clickButton,2019-02-19T04:51:33.728+11:00,B2,Web,complete,clickButton,2019-02-19T04:51:36.510+11:00,ID,159,Web,complete,insertValue,2019-02-19T04:51:39.894+11:00,copy,B,value159,Excel,3,complete,2019-02-19T04:51:42.106+11:00,Special code,value159,Web,complete,paste,2019-02-19T04:51:46.003+11:00,copy,B,Melbourne 123,Excel,,,,,,,,,,,,,,,,,,,,,,,,,,,,
59,Excel,complete,openFile,Sheet1,2019-02-19T04:52:06.282+11:00,data.xls,Web,complete,goToUrl,2019-02-19T04:52:14.107+11:00,www.webpage.com,username,username185,Web,complete,insertValue,2019-02-19T04:52:16.129+11:00,password,psw185,Web,complete,insertValue,2019-02-19T04:52:19.490+11:00,confirm,Web,complete,clickButton,2019-02-19T04:52:26.940+11:00,Web,complete,waitResponse,2019-02-19T04:52:29.624+11:00,www.webpage.com/ok,Button1,Web,complete,clickButton,2019-02-19T04:52:29.894+11:00,B2,Web,complete,clickButton,2019-02-19T04:52:32.332+11:00,ID,185,Web,complete,insertValue,2019-02-19T04:52:36.884+11:00,copy,B,Au 58124829 XT,Excel,1,complete,2019-02-19T04:52:39.106+11:00,Special code,Au 58124829 XT,Web,complete,paste,2019-02-19T04:52:42.157+11:00,copy,B,Melbourne 123,Excel,,,,,,,,,,,,,,,,,,,,,,,,,,,,
60,Excel,complete,openFile,Sheet1,2019-02-19T04:53:02.572+11:00,data.xls,Web,complete,goToUrl,2019-02-19T04:53:11.925+11:00,www.webpage.com,username,username41,Web,complete,insertValue,2019-02-19T04:53:20.265+11:00,password,psw41,Web,complete,insertValue,2019-02-19T04:53:30.692+11:00,confirm,Web,complete,clickButton,2019-02-19T04:53:38.436+11:00,Web,complete,waitResponse,2019-02-19T04:53:41.233+11:00,www.webpage.com/ok,Button3,Web,complete,clickButton,2019-02-19T04:53:46.539+11:00,B2,Web,complete,clickButton,2019-02-19T04:53:49.932+11:00,ID,41,Web,complete,insertValue,2019-02-19T04:53:52.869+11:00,copy,B,value41,Excel,3,complete,2019-02-19T04:53:56.021+11:00,Special code,value41,Web,complete,paste,2019-02-19T04:53:59.425+11:00,copy,B,Melbourne 123,Excel,,,,,,,,,,,,,,,,,,,,,,,,,,,,
61,Excel,complete,openFile,Sheet1,2019-02-19T04:54:22.075+11:00,data.xls,Web,complete,goToUrl,2019-02-19T04:54:30.508+11:00,www.webpage.com,username,username115,Web,complete,insertValue,2019-02-19T04:54:36.682+11:00,password,psw115,Web,complete,insertValue,2019-02-19T04:54:50.516+11:00,confirm,Web,complete,clickButton,2019-02-19T04:54:55.975+11:00,Web,complete,waitResponse,2019-02-19T04:54:57.422+11:00,www.webpage.com/ok,Button1,Web,complete,clickButton,2019-02-19T04:55:11.146+11:00,B2,Web,complete,clickButton,2019-02-19T04:55:13.553+11:00,ID,115,Web,complete,insertValue,2019-02-19T04:55:16.942+11:00,copy,B,Au 58124829 XT,Excel,1,complete,2019-02-19T04:55:20.092+11:00,Special code,Au 58124829 XT,Web,complete,paste,2019-02-19T04:55:21.775+11:00,copy,B,Melbourne 123,Excel,,,,,,,,,,,,,,,,,,,,,,,,,,,,
62,Excel,complete,openFile,Sheet1,2019-02-19T04:55:38.792+11:00,data.xls,Web,complete,goToUrl,2019-02-19T04:55:39.780+11:00,www.webpage.com,username,username151,Web,complete,insertValue,2019-02-19T04:55:53.041+11:00,password,psw151,Web,complete,insertValue,2019-02-19T04:56:00.583+11:00,confirm,Web,complete,clickButton,2019-02-19T04:56:13.755+11:00,Web,complete,waitResponse,2019-02-19T04:56:17.344+11:00,www.webpage.com/ok,Button1,Web,complete,clickButton,2019-02-19T04:56:26.099+11:00,B2,Web,complete,clickButton,2019-02-19T04:56:29.309+11:00,ID,151,Web,complete,insertValue,2019-02-19T04:56:31.873+11:00,copy,B,Au 58124829 XT,Excel,1,complete,2019-02-19T04:56:33.507+11:00,Special code,Au 58124829 XT,Web,complete,paste,2019-02-19T04:56:36.905+11:00,copy,B,Melbourne 123,Excel,,,,,,,,,,,,,,,,,,,,,,,,,,,,
63,Excel,complete,openFile,Sheet1,2019-02-19T04:56:56.665+11:00,data.xls,Web,complete,goToUrl,2019-02-19T04:56:59.587+11:00,www.webpage.com,username,username51,Web,complete,insertValue,2019-02-19T04:57:06.441+11:00,password,psw51,Web,complete,insertValue,2019-02-19T04:57:17.986+11:00,confirm,Web,complete,clickButton,2019-02-19T04:57:19.140+11:00,Web,complete,waitResponse,2019-02-19T04:57:21.633+11:00,www.webpage.com/ok,Button1,Web,complete,clickButton,2019-02-19T04:57:21.633+11:00,B2,Web,complete,clickButton,2019-02-19T04:57:24.615+11:00,ID,51,Web,complete,insertValue,2019-02-19T04:57:27.084+11:00,copy,B,value51,Excel,3,complete,2019-02-19T04:57:28.320+11:00,Special code,value51,Web,complete,paste,2019-02-19T04:57:32.027+11:00,copy,B,Melbourne 123,Excel,,,,,,,,,,,,,,,,,,,,,,,,,,,,
64,Excel,complete,openFile,Sheet1,2019-02-19T04:57:49.431+11:00,data.xls,Web,complete,goToUrl,2019-02-19T04:57:55.593+11:00,www.webpage.com,username,username161,Web,complete,insertValue,2019-02-19T04:58:00.107+11:00,password,psw161,Web,complete,insertValue,2019-02-19T04:58:08.333+11:00,confirm,Web,complete,clickButton,2019-02-19T04:58:14.411+11:00,Web,complete,waitResponse,2019-02-19T04:58:16.535+11:00,www.webpage.com/ok,Button1,Web,complete,clickButton,2019-02-19T04:58:22.612+11:00,B2,Web,complete,clickButton,2019-02-19T04:58:25.394+11:00,ID,161,Web,complete,insertValue,2019-02-19T04:58:28.666+11:00,copy,B,value161,Excel,3,complete,2019-02-19T04:58:32.460+11:00,Special code,value161,Web,complete,paste,2019-02-19T04:58:35.437+11:00,copy,B,Melbourne 123,Excel,,,,,,,,,,,,,,,,,,,,,,,,,,,,
65,Excel,complete,openFile,Sheet1,2019-02-19T04:58:55.643+11:00,data.xls,Web,complete,goToUrl,2019-02-19T04:59:05.969+11:00,www.webpage.com,username,username155,Web,complete,insertValue,2019-02-19T04:59:13.988+11:00,password,psw155,Web,complete,insertValue,2019-02-19T04:59:19.080+11:00,confirm,Web,complete,clickButton,2019-02-19T04:59:19.080+11:00,Web,complete,waitResponse,2019-02-19T04:59:20.891+11:00,www.webpage.com/ok,Button3,Web,complete,clickButton,2019-02-19T04:59:25.267+11:00,B2,Web,complete,clickButton,2019-02-19T04:59:28.917+11:00,ID,155,Web,complete,insertValue,2019-02-19T04:59:33.371+11:00,copy,B,value155,Excel,3,complete,2019-02-19T04:59:36.364+11:00,Special code,value155,Web,complete,paste,2019-02-19T04:59:39.876+11:00,copy,B,Melbourne 123,Excel,,,,,,,,,,,,,,,,,,,,,,,,,,,,
66,Excel,complete,openFile,Sheet1,2019-02-19T04:59:56.931+11:00,data.xls,Web,complete,goToUrl,2019-02-19T05:00:01.637+11:00,www.webpage.com,username,username42,Web,complete,insertValue,2019-02-19T05:00:10.914+11:00,password,psw42,Web,complete,insertValue,2019-02-19T05:00:21.578+11:00,confirm,Web,complete,clickButton,2019-02-19T05:00:25.425+11:00,Web,complete,waitResponse,2019-02-19T05:00:27.765+11:00,www.webpage.com/ok,Button3,Web,complete,clickButton,2019-02-19T05:00:38.140+11:00,B2,Web,complete,clickButton,2019-02-19T05:00:39.222+11:00,ID,42,Web,complete,insertValue,2019-02-19T05:00:40.633+11:00,copy,B,value42,Excel,3,complete,2019-02-19T05:00:43.555+11:00,Special code,value42,Web,complete,paste,2019-02-19T05:00:46.845+11:00,copy,B,Melbourne 123,Excel,,,,,,,,,,,,,,,,,,,,,,,,,,,,
67,Excel,complete,openFile,Sheet1,2019-02-19T05:01:07.331+11:00,data.xls,Web,complete,goToUrl,2019-02-19T05:01:07.331+11:00,www.webpage.com,username,username11,Web,complete,insertValue,2019-02-19T05:01:10.154+11:00,password,psw11,Web,complete,insertValue,2019-02-19T05:01:20.028+11:00,confirm,Web,complete,clickButton,2019-02-19T05:01:25.352+11:00,Web,complete,waitResponse,2019-02-19T05:01:29.108+11:00,www.webpage.com/ok,Button3,Web,complete,clickButton,2019-02-19T05:01:37.402+11:00,B2,Web,complete,clickButton,2019-02-19T05:01:40.057+11:00,ID,11,Web,complete,insertValue,2019-02-19T05:01:40.982+11:00,copy,B,value11,Excel,3,complete,2019-02-19T05:01:44.072+11:00,Special code,value11,Web,complete,paste,2019-02-19T05:01:48.270+11:00,copy,B,Melbourne 123,Excel,,,,,,,,,,,,,,,,,,,,,,,,,,,,
68,Excel,complete,openFile,Sheet1,2019-02-19T05:02:04.411+11:00,data.xls,Web,complete,goToUrl,2019-02-19T05:02:10.785+11:00,www.webpage.com,username,username98,Web,complete,insertValue,2019-02-19T05:02:26.170+11:00,password,psw98,Web,complete,insertValue,2019-02-19T05:02:33.941+11:00,confirm,Web,complete,clickButton,2019-02-19T05:02:41.848+11:00,Web,complete,waitResponse,2019-02-19T05:02:44.934+11:00,www.webpage.com/ok,Button1,Web,complete,clickButton,2019-02-19T05:02:46.418+11:00,B2,Web,complete,clickButton,2019-02-19T05:02:51.246+11:00,ID,98,Web,complete,insertValue,2019-02-19T05:02:54.594+11:00,copy,B,value98,Excel,3,complete,2019-02-19T05:02:59.487+11:00,Special code,value98,Web,complete,paste,2019-02-19T05:03:02.605+11:00,copy,B,Melbourne 123,Excel,,,,,,,,,,,,,,,,,,,,,,,,,,,,
69,Excel,complete,openFile,Sheet1,2019-02-19T05:03:23.114+11:00,data.xls,Web,complete,goToUrl,2019-02-19T05:03:37.349+11:00,www.webpage.com,username,username35,Web,complete,insertValue,2019-02-19T05:03:43.846+11:00,password,psw35,Web,complete,insertValue,2019-02-19T05:03:52.213+11:00,confirm,Web,complete,clickButton,2019-02-19T05:03:58.106+11:00,Web,complete,waitResponse,2019-02-19T05:04:01.312+11:00,www.webpage.com/ok,Button3,Web,complete,clickButton,2019-02-19T05:04:12.408+11:00,B2,Web,complete,clickButton,2019-02-19T05:04:14.488+11:00,ID,35,Web,complete,insertValue,2019-02-19T05:04:16.668+11:00,copy,B,value35,Excel,3,complete,2019-02-19T05:04:17.909+11:00,Special code,value35,Web,complete,paste,2019-02-19T05:04:19.235+11:00,copy,B,Melbourne 123,Excel,,,,,,,,,,,,,,,,,,,,,,,,,,,,
70,Excel,complete,openFile,Sheet1,2019-02-19T05:04:37.201+11:00,data.xls,Web,complete,goToUrl,2019-02-19T05:04:58.186+11:00,www.webpage.com,username,username155,Web,complete,insertValue,2019-02-19T05:05:11.619+11:00,password,psw155,Web,complete,insertValue,2019-02-19T05:05:15.980+11:00,confirm,Web,complete,clickButton,2019-02-19T05:05:15.980+11:00,Web,complete,waitResponse,2019-02-19T05:05:18.420+11:00,www.webpage.com/ok,Button1,Web,complete,clickButton,2019-02-19T05:05:18.420+11:00,B2,Web,complete,clickButton,2019-02-19T05:05:21.946+11:00,ID,155,Web,complete,insertValue,2019-02-19T05:05:26.487+11:00,copy,B,Au 58124829 XT,Excel,1,complete,2019-02-19T05:05:28.732+11:00,Special code,Au 58124829 XT,Web,complete,paste,2019-02-19T05:05:31.592+11:00,copy,B,Melbourne 123,Excel,,,,,,,,,,,,,,,,,,,,,,,,,,,,
71,Excel,complete,openFile,Sheet1,2019-02-19T05:05:49.833+11:00,data.xls,Web,complete,goToUrl,2019-02-19T05:05:59.494+11:00,www.webpage.com,username,username185,Web,complete,insertValue,2019-02-19T05:05:59.724+11:00,password,psw185,Web,complete,insertValue,2019-02-19T05:06:02.056+11:00,confirm,Web,complete,clickButton,2019-02-19T05:06:12.028+11:00,Web,complete,waitResponse,2019-02-19T05:06:15.646+11:00,www.webpage.com/ok,Button1,Web,complete,clickButton,2019-02-19T05:06:16.953+11:00,B2,Web,complete,clickButton,2019-02-19T05:06:19.568+11:00,ID,185,Web,complete,insertValue,2019-02-19T05:06:22.894+11:00,copy,B,value185,Excel,3,complete,2019-02-19T05:06:27.065+11:00,Special code,value185,Web,complete,paste,2019-02-19T05:06:28.898+11:00,copy,B,Melbourne 123,Excel,,,,,,,,,,,,,,,,,,,,,,,,,,,,
72,Excel,complete,openFile,Sheet1,2019-02-19T05:06:47.557+11:00,data.xls,Web,complete,goToUrl,2019-02-19T05:06:50.013+11:00,www.webpage.com,username,username117,Web,complete,insertValue,2019-02-19T05:07:06.901+11:00,password,psw117,Web,complete,insertValue,2019-02-19T05:07:11.415+11:00,confirm,Web,complete,clickButton,2019-02-19T05:07:28.594+11:00,Web,complete,waitResponse,2019-02-19T05:07:33.978+11:00,www.webpage.com/ok,Button1,Web,complete,clickButton,2019-02-19T05:07:41.195+11:00,B2,Web,complete,clickButton,2019-02-19T05:07:44.292+11:00,ID,117,Web,complete,insertValue,2019-02-19T05:07:47.918+11:00,copy,B,Au 58124829 XT,Excel,1,complete,2019-02-19T05:07:51.672+11:00,Special code,Au 58124829 XT,Web,complete,paste,2019-02-19T05:07:55.897+11:00,copy,B,Melbourne 123,Excel,,,,,,,,,,,,,,,,,,,,,,,,,,,,
73,Excel,complete,openFile,Sheet1,2019-02-19T05:08:16.974+11:00,data.xls,Web,complete,goToUrl,2019-02-19T05:08:18.127+11:00,www.webpage.com,username,username68,Web,complete,insertValue,2019-02-19T05:08:26.038+11:00,password,psw68,Web,complete,insertValue,2019-02-19T05:08:34.599+11:00,confirm,Web,complete,clickButton,2019-02-19T05:08:34.697+11:00,Web,complete,waitResponse,2019-02-19T05:08:37.257+11:00,www.webpage.com/ok,Button3,Web,complete,clickButton,2019-02-19T05:08:50.582+11:00,B2,Web,complete,clickButton,2019-02-19T05:08:54.117+11:00,ID,68,Web,complete,insertValue,2019-02-19T05:08:57.165+11:00,copy,B,value68,Excel,3,complete,2019-02-19T05:09:01.608+11:00,Special code,value68,Web,complete,paste,2019-02-19T05:09:05.240+11:00,copy,B,Melbourne 123,Excel,,,,,,,,,,,,,,,,,,,,,,,,,,,,
74,Excel,complete,openFile,Sheet1,2019-02-19T05:09:25.250+11:00,data.xls,Web,complete,goToUrl,2019-02-19T05:09:37.621+11:00,www.webpage.com,username,username108,Web,complete,insertValue,2019-02-19T05:09:48.466+11:00,password,psw108,Web,complete,insertValue,2019-02-19T05:09:57.329+11:00,confirm,Web,complete,clickButton,2019-02-19T05:10:02.915+11:00,Web,complete,waitResponse,2019-02-19T05:10:05.585+11:00,www.webpage.com/ok,Button3,Web,complete,clickButton,2019-02-19T05:10:19.445+11:00,B2,Web,complete,clickButton,2019-02-19T05:10:20.102+11:00,ID,108,Web,complete,insertValue,2019-02-19T05:10:22.785+11:00,copy,B,Au 58124829 XT,Excel,1,complete,2019-02-19T05:10:24.609+11:00,Special code,Au 58124829 XT,Web,complete,paste,2019-02-19T05:10:27.027+11:00,copy,B,Melbourne 123,Excel,,,,,,,,,,,,,,,,,,,,,,,,,,,,
75,Excel,complete,openFile,Sheet1,2019-02-19T05:10:46.613+11:00,data.xls,Web,complete,goToUrl,2019-02-19T05:10:55.419+11:00,www.webpage.com,username,username159,Web,complete,insertValue,2019-02-19T05:10:58.044+11:00,password,psw159,Web,complete,insertValue,2019-02-19T05:11:04.607+11:00,confirm,Web,complete,clickButton,2019-02-19T05:11:20.936+11:00,Web,complete,waitResponse,2019-02-19T05:11:24.427+11:00,www.webpage.com/ok,Button1,Web,complete,clickButton,2019-02-19T05:11:33.412+11:00,B2,Web,complete,clickButton,2019-02-19T05:11:37.814+11:00,ID,159,Web,complete,insertValue,2019-02-19T05:11:40.613+11:00,copy,B,Au 58124829 XT,Excel,1,complete,2019-02-19T05:11:44.868+11:00,Special code,Au 58124829 XT,Web,complete,paste,2019-02-19T05:11:48.403+11:00,copy,B,Melbourne 123,Excel,,,,,,,,,,,,,,,,,,,,,,,,,,,,
76,Excel,complete,openFile,Sheet1,2019-02-19T05:12:08.891+11:00,data.xls,Web,complete,goToUrl,2019-02-19T05:12:27.106+11:00,www.webpage.com,username,username189,Web,complete,insertValue,2019-02-19T05:12:37.626+11:00,password,psw189,Web,complete,insertValue,2019-02-19T05:12:47.761+11:00,confirm,Web,complete,clickButton,2019-02-19T05:12:49.997+11:00,Web,complete,waitResponse,2019-02-19T05:12:52.358+11:00,www.webpage.com/ok,Button3,Web,complete,clickButton,2019-02-19T05:13:04.686+11:00,B2,Web,complete,clickButton,2019-02-19T05:13:07.430+11:00,ID,189,Web,complete,insertValue,2019-02-19T05:13:11.999+11:00,copy,B,Au 58124829 XT,Excel,1,complete,2019-02-19T05:13:12.791+11:00,Special code,Au 58124829 XT,Web,complete,paste,2019-02-19T05:13:16.064+11:00,copy,B,Melbourne 123,Excel,,,,,,,,,,,,,,,,,,,,,,,,,,,,
77,Excel,complete,openFile,Sheet1,2019-02-19T05:13:32.889+11:00,data.xls,Web,complete,goToUrl,2019-02-19T05:13:44.597+11:00,www.webpage.com,username,username134,Web,complete,insertValue,2019-02-19T05:13:51.468+11:00,password,psw134,Web,complete,insertValue,2019-02-19T05:13:56.895+11:00,confirm,Web,complete,clickButton,2019-02-19T05:13:56.895+11:00,Web,complete,waitResponse,2019-02-19T05:14:00.555+11:00,www.webpage.com/ok,Button1,Web,complete,clickButton,2019-02-19T05:14:13.325+11:00,B2,Web,complete,clickButton,2019-02-19T05:14:16.528+11:00,ID,134,Web,complete,insertValue,2019-02-19T05:14:19.660+11:00,copy,B,Au 58124829 XT,Excel,1,complete,2019-02-19T05:14:21.092+11:00,Special code,Au 58124829 XT,Web,complete,paste,2019-02-19T05:14:24.740+11:00,copy,B,Melbourne 123,Excel,,,,,,,,,,,,,,,,,,,,,,,,,,,,
78,Excel,complete,openFile,Sheet1,2019-02-19T05:14:45.904+11:00,data.xls,Web,complete,goToUrl,2019-02-19T05:14:58.456+11:00,www.webpage.com,username,username178,Web,complete,insertValue,2019-02-19T05:15:11.320+11:00,password,psw178,Web,complete,insertValue,2019-02-19T05:15:20.941+11:00,confirm,Web,complete,clickButton,2019-02-19T05:15:38.165+11:00,Web,complete,waitResponse,2019-02-19T05:15:41.355+11:00,www.webpage.com/ok,Button1,Web,complete,clickButton,2019-02-19T05:15:47.917+11:00,B2,Web,complete,clickButton,2019-02-19T05:15:51.674+11:00,ID,178,Web,complete,insertValue,2019-02-19T05:15:55.819+11:00,copy,B,value178,Excel,3,complete,2019-02-19T05:15:58.544+11:00,Special code,value178,Web,complete,paste,2019-02-19T05:15:59.419+11:00,copy,B,Melbourne 123,Excel,,,,,,,,,,,,,,,,,,,,,,,,,,,,
79,Excel,complete,openFile,Sheet1,2019-02-19T05:16:19.545+11:00,data.xls,Web,complete,goToUrl,2019-02-19T05:16:31.007+11:00,www.webpage.com,username,username77,Web,complete,insertValue,2019-02-19T05:16:40.099+11:00,password,psw77,Web,complete,insertValue,2019-02-19T05:16:51.816+11:00,confirm,Web,complete,clickButton,2019-02-19T05:17:05.889+11:00,Web,complete,waitResponse,2019-02-19T05:17:08.070+11:00,www.webpage.com/ok,Button1,Web,complete,clickButton,2019-02-19T05:17:19.719+11:00,B2,Web,complete,clickButton,2019-02-19T05:17:24.189+11:00,ID,77,Web,complete,insertValue,2019-02-19T05:17:24.655+11:00,copy,B,value77,Excel,3,complete,2019-02-19T05:17:27.284+11:00,Special code,value77,Web,complete,paste,2019-02-19T05:17:30.852+11:00,copy,B,Melbourne 123,Excel,,,,,,,,,,,,,,,,,,,,,,,,,,,,
80,Excel,complete,openFile,Sheet1,2019-02-19T05:17:51.188+11:00,data.xls,Web,complete,goToUrl,2019-02-19T05:18:01.460+11:00,www.webpage.com,username,username39,Web,complete,insertValue,2019-02-19T05:18:10.949+11:00,password,psw39,Web,complete,insertValue,2019-02-19T05:18:20.576+11:00,confirm,Web,complete,clickButton,2019-02-19T05:18:36.398+11:00,Web,complete,waitResponse,2019-02-19T05:18:39.273+11:00,www.webpage.com/ok,Button1,Web,complete,clickButton,2019-02-19T05:18:49.122+11:00,B2,Web,complete,clickButton,2019-02-19T05:18:51.499+11:00,ID,39,Web,complete,insertValue,2019-02-19T05:18:55.697+11:00,copy,B,Au 58124829 XT,Excel,1,complete,2019-02-19T05:18:57.842+11:00,Special code,Au 58124829 XT,Web,complete,paste,2019-02-19T05:19:02.274+11:00,copy,B,Melbourne 123,Excel,,,,,,,,,,,,,,,,,,,,,,,,,,,,
81,Excel,complete,openFile,Sheet1,2019-02-19T05:19:22.352+11:00,data.xls,Web,complete,goToUrl,2019-02-19T05:19:22.757+11:00,www.webpage.com,username,username5,Web,complete,insertValue,2019-02-19T05:19:30.260+11:00,password,psw5,Web,complete,insertValue,2019-02-19T05:19:34.298+11:00,confirm,Web,complete,clickButton,2019-02-19T05:19:45.185+11:00,Web,complete,waitResponse,2019-02-19T05:19:49.446+11:00,www.webpage.com/ok,Button3,Web,complete,clickButton,2019-02-19T05:20:00.314+11:00,B2,Web,complete,clickButton,2019-02-19T05:20:01.884+11:00,ID,5,Web,complete,insertValue,2019-02-19T05:20:04.939+11:00,copy,B,value5,Excel,3,complete,2019-02-19T05:20:07.374+11:00,Special code,value5,Web,complete,paste,2019-02-19T05:20:09.607+11:00,copy,B,Melbourne 123,Excel,,,,,,,,,,,,,,,,,,,,,,,,,,,,
82,Excel,complete,openFile,Sheet1,2019-02-19T05:20:28.926+11:00,data.xls,Web,complete,goToUrl,2019-02-19T05:20:37.417+11:00,www.webpage.com,username,username89,Web,complete,insertValue,2019-02-19T05:20:58.716+11:00,password,psw89,Web,complete,insertValue,2019-02-19T05:20:59.992+11:00,confirm,Web,complete,clickButton,2019-02-19T05:21:04.323+11:00,Web,complete,waitResponse,2019-02-19T05:21:07.720+11:00,www.webpage.com/ok,Button3,Web,complete,clickButton,2019-02-19T05:21:15.505+11:00,B2,Web,complete,clickButton,2019-02-19T05:21:16.819+11:00,ID,89,Web,complete,insertValue,2019-02-19T05:21:22.729+11:00,copy,B,Au 58124829 XT,Excel,1,complete,2019-02-19T05:21:25.245+11:00,Special code,Au 58124829 XT,Web,complete,paste,2019-02-19T05:21:29.004+11:00,copy,B,Melbourne 123,Excel,,,,,,,,,,,,,,,,,,,,,,,,,,,,
83,Excel,complete,openFile,Sheet1,2019-02-19T05:21:46.976+11:00,data.xls,Web,complete,goToUrl,2019-02-19T05:21:57.742+11:00,www.webpage.com,username,username137,Web,complete,insertValue,2019-02-19T05:21:57.742+11:00,password,psw137,Web,complete,insertValue,2019-02-19T05:22:02.385+11:00,confirm,Web,complete,clickButton,2019-02-19T05:22:07.901+11:00,Web,complete,waitResponse,2019-02-19T05:22:10.449+11:00,www.webpage.com/ok,Button3,Web,complete,clickButton,2019-02-19T05:22:23.617+11:00,B2,Web,complete,clickButton,2019-02-19T05:22:26.780+11:00,ID,137,Web,complete,insertValue,2019-02-19T05:22:29.125+11:00,copy,B,value137,Excel,3,complete,2019-02-19T05:22:30.463+11:00,Special code,value137,Web,complete,paste,2019-02-19T05:22:33.226+11:00,copy,B,Melbourne 123,Excel,,,,,,,,,,,,,,,,,,,,,,,,,,,,
84,Excel,complete,openFile,Sheet1,2019-02-19T05:22:52.910+11:00,data.xls,Web,complete,goToUrl,2019-02-19T05:23:12.263+11:00,www.webpage.com,username,username86,Web,complete,insertValue,2019-02-19T05:23:19.763+11:00,password,psw86,Web,complete,insertValue,2019-02-19T05:23:32.585+11:00,confirm,Web,complete,clickButton,2019-02-19T05:23:35.360+11:00,Web,complete,waitResponse,2019-02-19T05:23:37.528+11:00,www.webpage.com/ok,Button3,Web,complete,clickButton,2019-02-19T05:23:41.713+11:00,B2,Web,complete,clickButton,2019-02-19T05:23:43.857+11:00,ID,86,Web,complete,insertValue,2019-02-19T05:23:45.610+11:00,copy,B,value86,Excel,3,complete,2019-02-19T05:23:48.046+11:00,Special code,value86,Web,complete,paste,2019-02-19T05:23:51.066+11:00,copy,B,Melbourne 123,Excel,,,,,,,,,,,,,,,,,,,,,,,,,,,,
85,Excel,complete,openFile,Sheet1,2019-02-19T05:24:09.290+11:00,data.xls,Web,complete,goToUrl,2019-02-19T05:24:14.385+11:00,www.webpage.com,username,username69,Web,complete,insertValue,2019-02-19T05:24:25.854+11:00,password,psw69,Web,complete,insertValue,2019-02-19T05:24:30.605+11:00,confirm,Web,complete,clickButton,2019-02-19T05:24:39.684+11:00,Web,complete,waitResponse,2019-02-19T05:24:41.569+11:00,www.webpage.com/ok,Button1,Web,complete,clickButton,2019-02-19T05:24:44.085+11:00,B2,Web,complete,clickButton,2019-02-19T05:24:46.762+11:00,ID,69,Web,complete,insertValue,2019-02-19T05:24:49.329+11:00,copy,B,Au 58124829 XT,Excel,1,complete,2019-02-19T05:24:51.176+11:00,Special code,Au 58124829 XT,Web,complete,paste,2019-02-19T05:24:54.009+11:00,copy,B,Melbourne 123,Excel,,,,,,,,,,,,,,,,,,,,,,,,,,,,
86,Excel,complete,openFile,Sheet1,2019-02-19T05:25:15.676+11:00,data.xls,Web,complete,goToUrl,2019-02-19T05:25:25.186+11:00,www.webpage.com,username,username79,Web,complete,insertValue,2019-02-19T05:25:27.219+11:00,password,psw79,Web,complete,insertValue,2019-02-19T05:25:36.303+11:00,confirm,Web,complete,clickButton,2019-02-19T05:25:44.443+11:00,Web,complete,waitResponse,2019-02-19T05:25:47.147+11:00,www.webpage.com/ok,Button1,Web,complete,clickButton,2019-02-19T05:26:13.123+11:00,B2,Web,complete,clickButton,2019-02-19T05:26:15.063+11:00,ID,79,Web,complete,insertValue,2019-02-19T05:26:18.255+11:00,copy,B,value79,Excel,3,complete,2019-02-19T05:26:21.892+11:00,Special code,value79,Web,complete,paste,2019-02-19T05:26:25.870+11:00,copy,B,Melbourne 123,Excel,,,,,,,,,,,,,,,,,,,,,,,,,,,,
87,Excel,complete,openFile,Sheet1,2019-02-19T05:26:46.162+11:00,data.xls,Web,complete,goToUrl,2019-02-19T05:26:54.670+11:00,www.webpage.com,username,username21,Web,complete,insertValue,2019-02-19T05:27:00.998+11:00,password,psw21,Web,complete,insertValue,2019-02-19T05:27:05.485+11:00,confirm,Web,complete,clickButton,2019-02-19T05:27:18.512+11:00,Web,complete,waitResponse,2019-02-19T05:27:20.542+11:00,www.webpage.com/ok,Button3,Web,complete,clickButton,2019-02-19T05:27:28.556+11:00,B2,Web,complete,clickButton,2019-02-19T05:27:30.213+11:00,ID,21,Web,complete,insertValue,2019-02-19T05:27:31.934+11:00,copy,B,value21,Excel,3,complete,2019-02-19T05:27:34.953+11:00,Special code,value21,Web,complete,paste,2019-02-19T05:27:36.926+11:00,copy,B,Melbourne 123,Excel,,,,,,,,,,,,,,,,,,,,,,,,,,,,
88,Excel,complete,openFile,Sheet1,2019-02-19T05:27:56.988+11:00,data.xls,Web,complete,goToUrl,2019-02-19T05:28:03.274+11:00,www.webpage.com,username,username190,Web,complete,insertValue,2019-02-19T05:28:19.136+11:00,password,psw190,Web,complete,insertValue,2019-02-19T05:28:24.852+11:00,confirm,Web,complete,clickButton,2019-02-19T05:28:38.121+11:00,Web,complete,waitResponse,2019-02-19T05:28:41.688+11:00,www.webpage.com/ok,Button1,Web,complete,clickButton,2019-02-19T05:28:46.469+11:00,B2,Web,complete,clickButton,2019-02-19T05:28:51.712+11:00,ID,190,Web,complete,insertValue,2019-02-19T05:28:55.945+11:00,copy,B,value190,Excel,3,complete,2019-02-19T05:28:59.032+11:00,Special code,value190,Web,complete,paste,2019-02-19T05:29:02.561+11:00,copy,B,Melbourne 123,Excel,,,,,,,,,,,,,,,,,,,,,,,,,,,,
89,Excel,complete,openFile,Sheet1,2019-02-19T05:29:24.140+11:00,data.xls,Web,complete,goToUrl,2019-02-19T05:29:26.520+11:00,www.webpage.com,username,username94,Web,complete,insertValue,2019-02-19T05:29:34.443+11:00,password,psw94,Web,complete,insertValue,2019-02-19T05:29:38.334+11:00,confirm,Web,complete,clickButton,2019-02-19T05:29:41.780+11:00,Web,complete,waitResponse,2019-02-19T05:29:43.949+11:00,www.webpage.com/ok,Button1,Web,complete,clickButton,2019-02-19T05:29:50.599+11:00,B2,Web,complete,clickButton,2019-02-19T05:29:53.542+11:00,ID,94,Web,complete,insertValue,2019-02-19T05:29:58+11:00,copy,B,Au 58124829 XT,Excel,1,complete,2019-02-19T05:30:01.259+11:00,Special code,Au 58124829 XT,Web,complete,paste,2019-02-19T05:30:05.068+11:00,copy,B,Melbourne 123,Excel,,,,,,,,,,,,,,,,,,,,,,,,,,,,
90,Excel,complete,openFile,Sheet1,2019-02-19T05:30:23.164+11:00,data.xls,Web,complete,goToUrl,2019-02-19T05:30:30.805+11:00,www.webpage.com,username,username99,Web,complete,insertValue,2019-02-19T05:30:35.247+11:00,password,psw99,Web,complete,insertValue,2019-02-19T05:30:37.668+11:00,confirm,Web,complete,clickButton,2019-02-19T05:30:41.947+11:00,Web,complete,waitResponse,2019-02-19T05:30:45.531+11:00,www.webpage.com/ok,Button1,Web,complete,clickButton,2019-02-19T05:31:02.679+11:00,B2,Web,complete,clickButton,2019-02-19T05:31:06.482+11:00,ID,99,Web,complete,insertValue,2019-02-19T05:31:10.821+11:00,copy,B,value99,Excel,3,complete,2019-02-19T05:31:13.370+11:00,Special code,value99,Web,complete,paste,2019-02-19T05:31:14.838+11:00,copy,B,Melbourne 123,Excel,,,,,,,,,,,,,,,,,,,,,,,,,,,,
91,Excel,complete,openFile,Sheet1,2019-02-19T05:31:37.096+11:00,data.xls,Web,complete,goToUrl,2019-02-19T05:31:37.096+11:00,www.webpage.com,username,username86,Web,complete,insertValue,2019-02-19T05:31:47.007+11:00,password,psw86,Web,complete,insertValue,2019-02-19T05:31:51.751+11:00,confirm,Web,complete,clickButton,2019-02-19T05:31:56.920+11:00,Web,complete,waitResponse,2019-02-19T05:31:59.966+11:00,www.webpage.com/ok,Button3,Web,complete,clickButton,2019-02-19T05:32:09+11:00,B2,Web,complete,clickButton,2019-02-19T05:32:10.896+11:00,ID,86,Web,complete,insertValue,2019-02-19T05:32:12.990+11:00,copy,B,value86,Excel,3,complete,2019-02-19T05:32:16.066+11:00,Special code,value86,Web,complete,paste,2019-02-19T05:32:17.378+11:00,copy,B,Melbourne 123,Excel,,,,,,,,,,,,,,,,,,,,,,,,,,,,
92,Excel,complete,openFile,Sheet1,2019-02-19T05:32:34.076+11:00,data.xls,Web,complete,goToUrl,2019-02-19T05:32:48.848+11:00,www.webpage.com,username,username109,Web,complete,insertValue,2019-02-19T05:32:58.089+11:00,password,psw109,Web,complete,insertValue,2019-02-19T05:32:59.289+11:00,confirm,Web,complete,clickButton,2019-02-19T05:33:04.432+11:00,Web,complete,waitResponse,2019-02-19T05:33:07.200+11:00,www.webpage.com/ok,Button3,Web,complete,clickButton,2019-02-19T05:33:16.425+11:00,B2,Web,complete,clickButton,2019-02-19T05:33:18.658+11:00,ID,109,Web,complete,insertValue,2019-02-19T05:33:21.444+11:00,copy,B,value109,Excel,3,complete,2019-02-19T05:33:24.875+11:00,Special code,value109,Web,complete,paste,2019-02-19T05:33:27.194+11:00,copy,B,Melbourne 123,Excel,,,,,,,,,,,,,,,,,,,,,,,,,,,,
93,Excel,complete,openFile,Sheet1,2019-02-19T05:33:48.169+11:00,data.xls,Web,complete,goToUrl,2019-02-19T05:34:01.684+11:00,www.webpage.com,username,username1,Web,complete,insertValue,2019-02-19T05:34:10.884+11:00,password,psw1,Web,complete,insertValue,2019-02-19T05:34:20.731+11:00,confirm,Web,complete,clickButton,2019-02-19T05:34:30.804+11:00,Web,complete,waitResponse,2019-02-19T05:34:33.142+11:00,www.webpage.com/ok,Button3,Web,complete,clickButton,2019-02-19T05:34:38.335+11:00,B2,Web,complete,clickButton,2019-02-19T05:34:39.810+11:00,ID,1,Web,complete,insertValue,2019-02-19T05:34:40.699+11:00,copy,B,value1,Excel,3,complete,2019-02-19T05:34:44.504+11:00,Special code,value1,Web,complete,paste,2019-02-19T05:34:48.535+11:00,copy,B,Melbourne 123,Excel,,,,,,,,,,,,,,,,,,,,,,,,,,,,
94,Excel,complete,openFile,Sheet1,2019-02-19T05:35:09.462+11:00,data.xls,Web,complete,goToUrl,2019-02-19T05:35:18.719+11:00,www.webpage.com,username,username72,Web,complete,insertValue,2019-02-19T05:35:22.671+11:00,password,psw72,Web,complete,insertValue,2019-02-19T05:35:26.312+11:00,confirm,Web,complete,clickButton,2019-02-19T05:35:28.537+11:00,Web,complete,waitResponse,2019-02-19T05:35:33.192+11:00,www.webpage.com/ok,Button1,Web,complete,clickButton,2019-02-19T05:35:41.286+11:00,B2,Web,complete,clickButton,2019-02-19T05:35:42.808+11:00,ID,72,Web,complete,insertValue,2019-02-19T05:35:46.402+11:00,copy,B,value72,Excel,3,complete,2019-02-19T05:35:46.402+11:00,Special code,value72,Web,complete,paste,2019-02-19T05:35:49.684+11:00,copy,B,Melbourne 123,Excel,,,,,,,,,,,,,,,,,,,,,,,,,,,,
95,Excel,complete,openFile,Sheet1,2019-02-19T05:36:09.124+11:00,data.xls,Web,complete,goToUrl,2019-02-19T05:36:11.538+11:00,www.webpage.com,username,username50,Web,complete,insertValue,2019-02-19T05:36:23.243+11:00,password,psw50,Web,complete,insertValue,2019-02-19T05:36:40.574+11:00,confirm,Web,complete,clickButton,2019-02-19T05:37:02.524+11:00,Web,complete,waitResponse,2019-02-19T05:37:05.755+11:00,www.webpage.com/ok,Button3,Web,complete,clickButton,2019-02-19T05:37:16.684+11:00,B2,Web,complete,clickButton,2019-02-19T05:37:20.188+11:00,ID,50,Web,complete,insertValue,2019-02-19T05:37:21.301+11:00,copy,B,value50,Excel,3,complete,2019-02-19T05:37:24.638+11:00,Special code,value50,Web,complete,paste,2019-02-19T05:37:28.106+11:00,copy,B,Melbourne 123,Excel,,,,,,,,,,,,,,,,,,,,,,,,,,,,
96,Excel,complete,openFile,Sheet1,2019-02-19T05:37:45.180+11:00,data.xls,Web,complete,goToUrl,2019-02-19T05:38:04.646+11:00,www.webpage.com,username,username3,Web,complete,insertValue,2019-02-19T05:38:09.420+11:00,password,psw3,Web,complete,insertValue,2019-02-19T05:38:23.014+11:00,confirm,Web,complete,clickButton,2019-02-19T05:38:23.014+11:00,Web,complete,waitResponse,2019-02-19T05:38:25.198+11:00,www.webpage.com/ok,Button3,Web,complete,clickButton,2019-02-19T05:38:31.690+11:00,B2,Web,complete,clickButton,2019-02-19T05:38:33.432+11:00,ID,3,Web,complete,insertValue,2019-02-19T05:38:36.846+11:00,copy,B,Au 58124829 XT,Excel,1,complete,2019-02-19T05:38:39.768+11:00,Special code,Au 58124829 XT,Web,complete,paste,2019-02-19T05:38:42.899+11:00,copy,B,Melbourne 123,Excel,,,,,,,,,,,,,,,,,,,,,,,,,,,,
97,Excel,complete,openFile,Sheet1,2019-02-19T05:38:58.573+11:00,data.xls,Web,complete,goToUrl,2019-02-19T05:39:05.195+11:00,www.webpage.com,username,username13,Web,complete,insertValue,2019-02-19T05:39:11.346+11:00,password,psw13,Web,complete,insertValue,2019-02-19T05:39:24.399+11:00,confirm,Web,complete,clickButton,2019-02-19T05:39:27.550+11:00,Web,complete,waitResponse,2019-02-19T05:39:29.872+11:00,www.webpage.com/ok,Button1,Web,complete,clickButton,2019-02-19T05:39:36.103+11:00,B2,Web,complete,clickButton,2019-02-19T05:39:39.718+11:00,ID,13,Web,complete,insertValue,2019-02-19T05:39:42.576+11:00,copy,B,value13,Excel,3,complete,2019-02-19T05:39:45.500+11:00,Special code,value13,Web,complete,paste,2019-02-19T05:39:50.687+11:00,copy,B,Melbourne 123,Excel,,,,,,,,,,,,,,,,,,,,,,,,,,,,
98,Excel,complete,openFile,Sheet1,2019-02-19T05:40:09.892+11:00,data.xls,Web,complete,goToUrl,2019-02-19T05:40:23.542+11:00,www.webpage.com,username,username174,Web,complete,insertValue,2019-02-19T05:40:31.513+11:00,password,psw174,Web,complete,insertValue,2019-02-19T05:40:41.002+11:00,confirm,Web,complete,clickButton,2019-02-19T05:40:58.322+11:00,Web,complete,waitResponse,2019-02-19T05:41:02.734+11:00,www.webpage.com/ok,Button1,Web,complete,clickButton,2019-02-19T05:41:14.040+11:00,B2,Web,complete,clickButton,2019-02-19T05:41:18.057+11:00,ID,174,Web,complete,insertValue,2019-02-19T05:41:20.516+11:00,copy,B,Au 58124829 XT,Excel,1,complete,2019-02-19T05:41:23.379+11:00,Special code,Au 58124829 XT,Web,complete,paste,2019-02-19T05:41:25.931+11:00,copy,B,Melbourne 123,Excel,,,,,,,,,,,,,,,,,,,,,,,,,,,,
99,Excel,complete,openFile,Sheet1,2019-02-19T05:41:45.719+11:00,data.xls,Web,complete,goToUrl,2019-02-19T05:41:52.124+11:00,www.webpage.com,username,username153,Web,complete,insertValue,2019-02-19T05:42:04.695+11:00,password,psw153,Web,complete,insertValue,2019-02-19T05:42:08.139+11:00,confirm,Web,complete,clickButton,2019-02-19T05:42:24.497+11:00,Web,complete,waitResponse,2019-02-19T05:42:26.936+11:00,www.webpage.com/ok,Button3,Web,complete,clickButton,2019-02-19T05:42:33.453+11:00,B2,Web,complete,clickButton,2019-02-19T05:42:35.790+11:00,ID,153,Web,complete,insertValue,2019-02-19T05:42:38.986+11:00,copy,B,value153,Excel,3,complete,2019-02-19T05:42:42.251+11:00,Special code,value153,Web,complete,paste,2019-02-19T05:42:45.597+11:00,copy,B,Melbourne 123,Excel,,,,,,,,,,,,,,,,,,,,,,,,,,,,
